k,domain,method,reference,n,agree_with_counterfactual
0,RLV,shapley,pool,150,0.2933333333333333
0,RLV,shapley,local,150,0.8666666666666667
0,RLV,lime,local,150,0.8333333333333334
0,RLV,lime,pool,150,0.2933333333333333
0,RLV,shapley_vs_lime,pool,150,0.5533333333333333
0,RLV,shapley_vs_lime,local,150,0.8666666666666667
0,Healthcare,shapley,pool,150,0.3266666666666666
0,Healthcare,shapley,local,150,0.84
0,Healthcare,lime,local,150,0.9
0,Healthcare,lime,pool,150,0.2333333333333333
0,Healthcare,shapley_vs_lime,pool,150,0.3933333333333333
0,Healthcare,shapley_vs_lime,local,150,0.8866666666666667
1,RLV,shapley,pool,150,0.2066666666666666
1,RLV,shapley,local,150,0.8266666666666667
1,RLV,lime,local,150,0.8066666666666666
1,RLV,lime,pool,150,0.2266666666666666
1,RLV,shapley_vs_lime,pool,150,0.3933333333333333
1,RLV,shapley_vs_lime,local,150,0.86
1,Healthcare,shapley,pool,150,0.1866666666666666
1,Healthcare,shapley,local,150,0.8666666666666667
1,Healthcare,lime,local,150,0.8933333333333333
1,Healthcare,lime,pool,150,0.3533333333333333
1,Healthcare,shapley_vs_lime,pool,150,0.3333333333333333
1,Healthcare,shapley_vs_lime,local,150,0.8666666666666667
2,RLV,shapley,pool,150,0.28
2,RLV,shapley,local,150,0.8733333333333333
2,RLV,lime,local,150,0.86
2,RLV,lime,pool,150,0.2466666666666666
2,RLV,shapley_vs_lime,pool,150,0.7133333333333334
2,RLV,shapley_vs_lime,local,150,0.8533333333333334
2,Healthcare,shapley,pool,150,0.1666666666666666
2,Healthcare,shapley,local,150,0.8466666666666667
2,Healthcare,lime,local,150,0.8533333333333334
2,Healthcare,lime,pool,150,0.1866666666666666
2,Healthcare,shapley_vs_lime,pool,150,0.8
2,Healthcare,shapley_vs_lime,local,150,0.8333333333333334
3,RLV,shapley,pool,150,0.3
3,RLV,shapley,local,150,0.84
3,RLV,lime,local,150,0.84
3,RLV,lime,pool,150,0.3466666666666667
3,RLV,shapley_vs_lime,pool,150,0.3533333333333333
3,RLV,shapley_vs_lime,local,150,0.8133333333333334
3,Healthcare,shapley,pool,150,0.1933333333333333
3,Healthcare,shapley,local,150,0.8666666666666667
3,Healthcare,lime,local,150,0.8733333333333333
3,Healthcare,lime,pool,150,0.2133333333333333
3,Healthcare,shapley_vs_lime,pool,150,0.7533333333333333
3,Healthcare,shapley_vs_lime,local,150,0.8733333333333333
4,RLV,shapley,pool,150,0.2333333333333333
4,RLV,shapley,local,150,0.8533333333333334
4,RLV,lime,local,150,0.8533333333333334
4,RLV,lime,pool,150,0.3333333333333333
4,RLV,shapley_vs_lime,pool,150,0.68
4,RLV,shapley_vs_lime,local,150,0.9
4,Healthcare,shapley,pool,150,0.24
4,Healthcare,shapley,local,150,0.8733333333333333
4,Healthcare,lime,local,150,0.9133333333333332
4,Healthcare,lime,pool,150,0.24
4,Healthcare,shapley_vs_lime,pool,150,0.82
4,Healthcare,shapley_vs_lime,local,150,0.8866666666666667
5,RLV,shapley,pool,150,0.1933333333333333
5,RLV,shapley,local,150,0.8
5,RLV,lime,local,150,0.86
5,RLV,lime,pool,150,0.2533333333333333
5,RLV,shapley_vs_lime,pool,150,0.54
5,RLV,shapley_vs_lime,local,150,0.8533333333333334
5,Healthcare,shapley,pool,150,0.2333333333333333
5,Healthcare,shapley,local,150,0.88
5,Healthcare,lime,local,150,0.88
5,Healthcare,lime,pool,150,0.3066666666666666
5,Healthcare,shapley_vs_lime,pool,150,0.4066666666666667
5,Healthcare,shapley_vs_lime,local,150,0.8533333333333334
6,RLV,shapley,pool,150,0.2866666666666667
6,RLV,shapley,local,150,0.84
6,RLV,lime,local,150,0.8533333333333334
6,RLV,lime,pool,150,0.2733333333333333
6,RLV,shapley_vs_lime,pool,150,0.68
6,RLV,shapley_vs_lime,local,150,0.88
6,Healthcare,shapley,pool,150,0.2933333333333333
6,Healthcare,shapley,local,150,0.8266666666666667
6,Healthcare,lime,local,150,0.8666666666666667
6,Healthcare,lime,pool,150,0.2666666666666666
6,Healthcare,shapley_vs_lime,pool,150,0.5066666666666667
6,Healthcare,shapley_vs_lime,local,150,0.84
7,RLV,shapley,pool,150,0.2733333333333333
7,RLV,shapley,local,150,0.8733333333333333
7,RLV,lime,local,150,0.9066666666666666
7,RLV,lime,pool,150,0.28
7,RLV,shapley_vs_lime,pool,150,0.4666666666666667
7,RLV,shapley_vs_lime,local,150,0.8866666666666667
7,Healthcare,shapley,pool,150,0.3333333333333333
7,Healthcare,shapley,local,150,0.8666666666666667
7,Healthcare,lime,local,150,0.9
7,Healthcare,lime,pool,150,0.2666666666666666
7,Healthcare,shapley_vs_lime,pool,150,0.5066666666666667
7,Healthcare,shapley_vs_lime,local,150,0.8733333333333333
8,RLV,shapley,pool,150,0.30666666666666664
8,RLV,shapley,local,150,0.82
8,RLV,lime,local,150,0.8466666666666667
8,RLV,lime,pool,150,0.34
8,RLV,shapley_vs_lime,pool,150,0.6266666666666667
8,RLV,shapley_vs_lime,local,150,0.8733333333333333
8,Healthcare,shapley,pool,150,0.3
8,Healthcare,shapley,local,150,0.8533333333333334
8,Healthcare,lime,local,150,0.88
8,Healthcare,lime,pool,150,0.34
8,Healthcare,shapley_vs_lime,pool,150,0.5133333333333333
8,Healthcare,shapley_vs_lime,local,150,0.84
9,RLV,shapley,pool,150,0.18
9,RLV,shapley,local,150,0.88
9,RLV,lime,local,150,0.8866666666666667
9,RLV,lime,pool,150,0.28
9,RLV,shapley_vs_lime,pool,150,0.6266666666666667
9,RLV,shapley_vs_lime,local,150,0.8933333333333333
9,Healthcare,shapley,pool,150,0.25333333333333335
9,Healthcare,shapley,local,150,0.8266666666666667
9,Healthcare,lime,local,150,0.9133333333333333
9,Healthcare,lime,pool,150,0.3
9,Healthcare,shapley_vs_lime,pool,150,0.56
9,Healthcare,shapley_vs_lime,local,150,0.8533333333333334
10,RLV,shapley,pool,150,0.28
10,RLV,shapley,local,150,0.8066666666666666
10,RLV,lime,local,150,0.88
10,RLV,lime,pool,150,0.26
10,RLV,shapley_vs_lime,pool,150,0.6133333333333333
10,RLV,shapley_vs_lime,local,150,0.84
10,Healthcare,shapley,pool,150,0.23333333333333334
10,Healthcare,shapley,local,150,0.9133333333333333
10,Healthcare,lime,local,150,0.94
10,Healthcare,lime,pool,150,0.24
10,Healthcare,shapley_vs_lime,pool,150,0.68
10,Healthcare,shapley_vs_lime,local,150,0.9266666666666666
11,RLV,shapley,pool,150,0.26
11,RLV,shapley,local,150,0.8333333333333334
11,RLV,lime,local,150,0.86
11,RLV,lime,pool,150,0.36
11,RLV,shapley_vs_lime,pool,150,0.5066666666666667
11,RLV,shapley_vs_lime,local,150,0.8666666666666667
11,Healthcare,shapley,pool,150,0.2
11,Healthcare,shapley,local,150,0.82
11,Healthcare,lime,local,150,0.92
11,Healthcare,lime,pool,150,0.28
11,Healthcare,shapley_vs_lime,pool,150,0.5933333333333334
11,Healthcare,shapley_vs_lime,local,150,0.8333333333333334
12,RLV,shapley,pool,150,0.30666666666666664
12,RLV,shapley,local,150,0.8466666666666667
12,RLV,lime,local,150,0.8333333333333334
12,RLV,lime,pool,150,0.30666666666666664
12,RLV,shapley_vs_lime,pool,150,0.3933333333333333
12,RLV,shapley_vs_lime,local,150,0.8866666666666667
12,Healthcare,shapley,pool,150,0.21333333333333335
12,Healthcare,shapley,local,150,0.8666666666666667
12,Healthcare,lime,local,150,0.88
12,Healthcare,lime,pool,150,0.25333333333333335
12,Healthcare,shapley_vs_lime,pool,150,0.7533333333333333
12,Healthcare,shapley_vs_lime,local,150,0.86
13,RLV,shapley,pool,150,0.29333333333333333
13,RLV,shapley,local,150,0.82
13,RLV,lime,local,150,0.8333333333333334
13,RLV,lime,pool,150,0.28
13,RLV,shapley_vs_lime,pool,150,0.56
13,RLV,shapley_vs_lime,local,150,0.86
13,Healthcare,shapley,pool,150,0.20666666666666667
13,Healthcare,shapley,local,150,0.9
13,Healthcare,lime,local,150,0.9
13,Healthcare,lime,pool,150,0.2866666666666667
13,Healthcare,shapley_vs_lime,pool,150,0.44
13,Healthcare,shapley_vs_lime,local,150,0.8866666666666667
14,RLV,shapley,pool,150,0.18666666666666668
14,RLV,shapley,local,150,0.8533333333333334
14,RLV,lime,local,150,0.8733333333333333
14,RLV,lime,pool,150,0.19333333333333333
14,RLV,shapley_vs_lime,pool,150,0.5733333333333334
14,RLV,shapley_vs_lime,local,150,0.8866666666666667
14,Healthcare,shapley,pool,150,0.22666666666666666
14,Healthcare,shapley,local,150,0.86
14,Healthcare,lime,local,150,0.8933333333333333
14,Healthcare,lime,pool,150,0.26666666666666666
14,Healthcare,shapley_vs_lime,pool,150,0.7933333333333333
14,Healthcare,shapley_vs_lime,local,150,0.8933333333333333
15,RLV,shapley,pool,150,0.24666666666666667
15,RLV,shapley,local,150,0.8666666666666667
15,RLV,lime,local,150,0.8733333333333333
15,RLV,lime,pool,150,0.3466666666666667
15,RLV,shapley_vs_lime,pool,150,0.5466666666666666
15,RLV,shapley_vs_lime,local,150,0.84
15,Healthcare,shapley,pool,150,0.30666666666666664
15,Healthcare,shapley,local,150,0.8466666666666667
15,Healthcare,lime,local,150,0.8866666666666667
15,Healthcare,lime,pool,150,0.29333333333333333
15,Healthcare,shapley_vs_lime,pool,150,0.48
15,Healthcare,shapley_vs_lime,local,150,0.8666666666666667
16,RLV,shapley,pool,150,0.28
16,RLV,shapley,local,150,0.8266666666666667
16,RLV,lime,local,150,0.8533333333333334
16,RLV,lime,pool,150,0.26
16,RLV,shapley_vs_lime,pool,150,0.44
16,RLV,shapley_vs_lime,local,150,0.8133333333333334
16,Healthcare,shapley,pool,150,0.24
16,Healthcare,shapley,local,150,0.8466666666666667
16,Healthcare,lime,local,150,0.9066666666666666
16,Healthcare,lime,pool,150,0.3
16,Healthcare,shapley_vs_lime,pool,150,0.6533333333333333
16,Healthcare,shapley_vs_lime,local,150,0.8933333333333333
17,RLV,shapley,pool,150,0.24666666666666667
17,RLV,shapley,local,150,0.8
17,RLV,lime,local,150,0.8733333333333333
17,RLV,lime,pool,150,0.3
17,RLV,shapley_vs_lime,pool,150,0.2733333333333333
17,RLV,shapley_vs_lime,local,150,0.8533333333333334
17,Healthcare,shapley,pool,150,0.30666666666666664
17,Healthcare,shapley,local,150,0.9
17,Healthcare,lime,local,150,0.8866666666666667
17,Healthcare,lime,pool,150,0.26666666666666666
17,Healthcare,shapley_vs_lime,pool,150,0.5733333333333334
17,Healthcare,shapley_vs_lime,local,150,0.8266666666666667
18,RLV,shapley,pool,150,0.24
18,RLV,shapley,local,150,0.8933333333333333
18,RLV,lime,local,150,0.8866666666666667
18,RLV,lime,pool,150,0.26
18,RLV,shapley_vs_lime,pool,150,0.6333333333333333
18,RLV,shapley_vs_lime,local,150,0.8933333333333333
18,Healthcare,shapley,pool,150,0.26666666666666666
18,Healthcare,shapley,local,150,0.86
18,Healthcare,lime,local,150,0.8733333333333333
18,Healthcare,lime,pool,150,0.22
18,Healthcare,shapley_vs_lime,pool,150,0.6333333333333333
18,Healthcare,shapley_vs_lime,local,150,0.8933333333333333
19,RLV,shapley,pool,150,0.34
19,RLV,shapley,local,150,0.82
19,RLV,lime,local,150,0.8733333333333333
19,RLV,lime,pool,150,0.3
19,RLV,shapley_vs_lime,pool,150,0.5066666666666667
19,RLV,shapley_vs_lime,local,150,0.88
19,Healthcare,shapley,pool,150,0.19333333333333333
19,Healthcare,shapley,local,150,0.8666666666666667
19,Healthcare,lime,local,150,0.8466666666666667
19,Healthcare,lime,pool,150,0.23333333333333334
19,Healthcare,shapley_vs_lime,pool,150,0.49333333333333335
19,Healthcare,shapley_vs_lime,local,150,0.8466666666666667
20,RLV,shapley,pool,150,0.25333333333333335
20,RLV,shapley,local,150,0.8866666666666667
20,RLV,lime,local,150,0.8733333333333333
20,RLV,lime,pool,150,0.25333333333333335
20,RLV,shapley_vs_lime,pool,150,0.5066666666666667
20,RLV,shapley_vs_lime,local,150,0.88
20,Healthcare,shapley,pool,150,0.24666666666666667
20,Healthcare,shapley,local,150,0.8866666666666667
20,Healthcare,lime,local,150,0.9066666666666666
20,Healthcare,lime,pool,150,0.2866666666666667
20,Healthcare,shapley_vs_lime,pool,150,0.4066666666666667
20,Healthcare,shapley_vs_lime,local,150,0.8933333333333333
21,RLV,shapley,pool,150,0.24
21,RLV,shapley,local,150,0.8866666666666667
21,RLV,lime,local,150,0.8866666666666667
21,RLV,lime,pool,150,0.26
21,RLV,shapley_vs_lime,pool,150,0.7133333333333334
21,RLV,shapley_vs_lime,local,150,0.8733333333333333
21,Healthcare,shapley,pool,150,0.19333333333333333
21,Healthcare,shapley,local,150,0.8733333333333333
21,Healthcare,lime,local,150,0.9533333333333334
21,Healthcare,lime,pool,150,0.30666666666666664
21,Healthcare,shapley_vs_lime,pool,150,0.5933333333333334
21,Healthcare,shapley_vs_lime,local,150,0.8733333333333333
22,RLV,shapley,pool,150,0.26
22,RLV,shapley,local,150,0.8333333333333334
22,RLV,lime,local,150,0.8666666666666667
22,RLV,lime,pool,150,0.32
22,RLV,shapley_vs_lime,pool,150,0.5066666666666667
22,RLV,shapley_vs_lime,local,150,0.86
22,Healthcare,shapley,pool,150,0.22
22,Healthcare,shapley,local,150,0.8533333333333334
22,Healthcare,lime,local,150,0.8666666666666667
22,Healthcare,lime,pool,150,0.22666666666666666
22,Healthcare,shapley_vs_lime,pool,150,0.58
22,Healthcare,shapley_vs_lime,local,150,0.8666666666666667
23,RLV,shapley,pool,150,0.29333333333333333
23,RLV,shapley,local,150,0.8466666666666667
23,RLV,lime,local,150,0.9
23,RLV,lime,pool,150,0.3466666666666667
23,RLV,shapley_vs_lime,pool,150,0.6266666666666667
23,RLV,shapley_vs_lime,local,150,0.8733333333333333
23,Healthcare,shapley,pool,150,0.30666666666666664
23,Healthcare,shapley,local,150,0.86
23,Healthcare,lime,local,150,0.8933333333333333
23,Healthcare,lime,pool,150,0.29333333333333333
23,Healthcare,shapley_vs_lime,pool,150,0.6266666666666667
23,Healthcare,shapley_vs_lime,local,150,0.8933333333333333
24,RLV,shapley,pool,150,0.23333333333333334
24,RLV,shapley,local,150,0.8733333333333333
24,RLV,lime,local,150,0.8866666666666667
24,RLV,lime,pool,150,0.2
24,RLV,shapley_vs_lime,pool,150,0.5466666666666666
24,RLV,shapley_vs_lime,local,150,0.86
24,Healthcare,shapley,pool,150,0.29333333333333333
24,Healthcare,shapley,local,150,0.8866666666666667
24,Healthcare,lime,local,150,0.9133333333333333
24,Healthcare,lime,pool,150,0.30666666666666664
24,Healthcare,shapley_vs_lime,pool,150,0.6
24,Healthcare,shapley_vs_lime,local,150,0.8666666666666667
25,RLV,shapley,pool,150,0.19333333333333333
25,RLV,shapley,local,150,0.82
25,RLV,lime,local,150,0.8466666666666667
25,RLV,lime,pool,150,0.22666666666666666
25,RLV,shapley_vs_lime,pool,150,0.5733333333333334
25,RLV,shapley_vs_lime,local,150,0.8333333333333334
25,Healthcare,shapley,pool,150,0.22
25,Healthcare,shapley,local,150,0.84
25,Healthcare,lime,local,150,0.86
25,Healthcare,lime,pool,150,0.25333333333333335
25,Healthcare,shapley_vs_lime,pool,150,0.54
25,Healthcare,shapley_vs_lime,local,150,0.8533333333333334
26,RLV,shapley,pool,150,0.30666666666666664
26,RLV,shapley,local,150,0.86
26,RLV,lime,local,150,0.8266666666666667
26,RLV,lime,pool,150,0.32
26,RLV,shapley_vs_lime,pool,150,0.5
26,RLV,shapley_vs_lime,local,150,0.8666666666666667
26,Healthcare,shapley,pool,150,0.24666666666666667
26,Healthcare,shapley,local,150,0.86
26,Healthcare,lime,local,150,0.8733333333333333
26,Healthcare,lime,pool,150,0.21333333333333335
26,Healthcare,shapley_vs_lime,pool,150,0.58
26,Healthcare,shapley_vs_lime,local,150,0.84
27,RLV,shapley,pool,150,0.2733333333333333
27,RLV,shapley,local,150,0.86
27,RLV,lime,local,150,0.8533333333333334
27,RLV,lime,pool,150,0.2866666666666667
27,RLV,shapley_vs_lime,pool,150,0.47333333333333333
27,RLV,shapley_vs_lime,local,150,0.8466666666666667
27,Healthcare,shapley,pool,150,0.30666666666666664
27,Healthcare,shapley,local,150,0.82
27,Healthcare,lime,local,150,0.9133333333333333
27,Healthcare,lime,pool,150,0.3
27,Healthcare,shapley_vs_lime,pool,150,0.43333333333333335
27,Healthcare,shapley_vs_lime,local,150,0.7733333333333333
28,RLV,shapley,pool,150,0.21333333333333335
28,RLV,shapley,local,150,0.8666666666666667
28,RLV,lime,local,150,0.86
28,RLV,lime,pool,150,0.28
28,RLV,shapley_vs_lime,pool,150,0.72
28,RLV,shapley_vs_lime,local,150,0.8733333333333333
28,Healthcare,shapley,pool,150,0.32666666666666666
28,Healthcare,shapley,local,150,0.8866666666666667
28,Healthcare,lime,local,150,0.9066666666666666
28,Healthcare,lime,pool,150,0.34
28,Healthcare,shapley_vs_lime,pool,150,0.5666666666666667
28,Healthcare,shapley_vs_lime,local,150,0.8466666666666667
29,RLV,shapley,pool,150,0.26
29,RLV,shapley,local,150,0.8333333333333334
29,RLV,lime,local,150,0.86
29,RLV,lime,pool,150,0.29333333333333333
29,RLV,shapley_vs_lime,pool,150,0.6066666666666667
29,RLV,shapley_vs_lime,local,150,0.88
29,Healthcare,shapley,pool,150,0.16
29,Healthcare,shapley,local,150,0.8666666666666667
29,Healthcare,lime,local,150,0.8666666666666667
29,Healthcare,lime,pool,150,0.20666666666666667
29,Healthcare,shapley_vs_lime,pool,150,0.47333333333333333
29,Healthcare,shapley_vs_lime,local,150,0.8866666666666667
30,RLV,shapley,pool,150,0.26
30,RLV,shapley,local,150,0.8466666666666667
30,RLV,lime,local,150,0.82
30,RLV,lime,pool,150,0.30666666666666664
30,RLV,shapley_vs_lime,pool,150,0.46
30,RLV,shapley_vs_lime,local,150,0.8333333333333334
30,Healthcare,shapley,pool,150,0.22666666666666666
30,Healthcare,shapley,local,150,0.8533333333333334
30,Healthcare,lime,local,150,0.8666666666666667
30,Healthcare,lime,pool,150,0.2866666666666667
30,Healthcare,shapley_vs_lime,pool,150,0.5333333333333333
30,Healthcare,shapley_vs_lime,local,150,0.86
31,RLV,shapley,pool,150,0.24
31,RLV,shapley,local,150,0.8333333333333334
31,RLV,lime,local,150,0.88
31,RLV,lime,pool,150,0.23333333333333334
31,RLV,shapley_vs_lime,pool,150,0.7533333333333333
31,RLV,shapley_vs_lime,local,150,0.8533333333333334
31,Healthcare,shapley,pool,150,0.18666666666666668
31,Healthcare,shapley,local,150,0.8733333333333333
31,Healthcare,lime,local,150,0.8933333333333333
31,Healthcare,lime,pool,150,0.2733333333333333
31,Healthcare,shapley_vs_lime,pool,150,0.44666666666666666
31,Healthcare,shapley_vs_lime,local,150,0.9
32,RLV,shapley,pool,150,0.22
32,RLV,shapley,local,150,0.8533333333333334
32,RLV,lime,local,150,0.8333333333333334
32,RLV,lime,pool,150,0.26666666666666666
32,RLV,shapley_vs_lime,pool,150,0.6533333333333333
32,RLV,shapley_vs_lime,local,150,0.8466666666666667
32,Healthcare,shapley,pool,150,0.3
32,Healthcare,shapley,local,150,0.9
32,Healthcare,lime,local,150,0.9066666666666666
32,Healthcare,lime,pool,150,0.36666666666666664
32,Healthcare,shapley_vs_lime,pool,150,0.5866666666666667
32,Healthcare,shapley_vs_lime,local,150,0.8866666666666667
33,RLV,shapley,pool,150,0.2866666666666667
33,RLV,shapley,local,150,0.8266666666666667
33,RLV,lime,local,150,0.8533333333333334
33,RLV,lime,pool,150,0.34
33,RLV,shapley_vs_lime,pool,150,0.36
33,RLV,shapley_vs_lime,local,150,0.8133333333333334
33,Healthcare,shapley,pool,150,0.25333333333333335
33,Healthcare,shapley,local,150,0.8533333333333334
33,Healthcare,lime,local,150,0.88
33,Healthcare,lime,pool,150,0.29333333333333333
33,Healthcare,shapley_vs_lime,pool,150,0.76
33,Healthcare,shapley_vs_lime,local,150,0.8666666666666667
34,RLV,shapley,pool,150,0.32666666666666666
34,RLV,shapley,local,150,0.9
34,RLV,lime,local,150,0.8666666666666667
34,RLV,lime,pool,150,0.28
34,RLV,shapley_vs_lime,pool,150,0.6266666666666667
34,RLV,shapley_vs_lime,local,150,0.8666666666666667
34,Healthcare,shapley,pool,150,0.31333333333333335
34,Healthcare,shapley,local,150,0.8933333333333333
34,Healthcare,lime,local,150,0.9133333333333333
34,Healthcare,lime,pool,150,0.32
34,Healthcare,shapley_vs_lime,pool,150,0.6066666666666667
34,Healthcare,shapley_vs_lime,local,150,0.8933333333333333
35,RLV,shapley,pool,150,0.29333333333333333
35,RLV,shapley,local,150,0.8066666666666666
35,RLV,lime,local,150,0.8866666666666667
35,RLV,lime,pool,150,0.24666666666666667
35,RLV,shapley_vs_lime,pool,150,0.7266666666666667
35,RLV,shapley_vs_lime,local,150,0.86
35,Healthcare,shapley,pool,150,0.26
35,Healthcare,shapley,local,150,0.86
35,Healthcare,lime,local,150,0.92
35,Healthcare,lime,pool,150,0.25333333333333335
35,Healthcare,shapley_vs_lime,pool,150,0.5133333333333333
35,Healthcare,shapley_vs_lime,local,150,0.8133333333333334
36,RLV,shapley,pool,150,0.24666666666666667
36,RLV,shapley,local,150,0.9
36,RLV,lime,local,150,0.9133333333333333
36,RLV,lime,pool,150,0.24
36,RLV,shapley_vs_lime,pool,150,0.6333333333333333
36,RLV,shapley_vs_lime,local,150,0.9133333333333333
36,Healthcare,shapley,pool,150,0.21333333333333335
36,Healthcare,shapley,local,150,0.9066666666666666
36,Healthcare,lime,local,150,0.9266666666666666
36,Healthcare,lime,pool,150,0.26666666666666666
36,Healthcare,shapley_vs_lime,pool,150,0.5666666666666667
36,Healthcare,shapley_vs_lime,local,150,0.8866666666666667
37,RLV,shapley,pool,150,0.32666666666666666
37,RLV,shapley,local,150,0.86
37,RLV,lime,local,150,0.8866666666666667
37,RLV,lime,pool,150,0.2866666666666667
37,RLV,shapley_vs_lime,pool,150,0.52
37,RLV,shapley_vs_lime,local,150,0.8666666666666667
37,Healthcare,shapley,pool,150,0.2
37,Healthcare,shapley,local,150,0.8866666666666667
37,Healthcare,lime,local,150,0.8933333333333333
37,Healthcare,lime,pool,150,0.25333333333333335
37,Healthcare,shapley_vs_lime,pool,150,0.5733333333333334
37,Healthcare,shapley_vs_lime,local,150,0.86
38,RLV,shapley,pool,150,0.22666666666666666
38,RLV,shapley,local,150,0.86
38,RLV,lime,local,150,0.8866666666666667
38,RLV,lime,pool,150,0.29333333333333333
38,RLV,shapley_vs_lime,pool,150,0.72
38,RLV,shapley_vs_lime,local,150,0.9133333333333333
38,Healthcare,shapley,pool,150,0.32
38,Healthcare,shapley,local,150,0.8666666666666667
38,Healthcare,lime,local,150,0.92
38,Healthcare,lime,pool,150,0.2866666666666667
38,Healthcare,shapley_vs_lime,pool,150,0.7666666666666667
38,Healthcare,shapley_vs_lime,local,150,0.8533333333333334
39,RLV,shapley,pool,150,0.26666666666666666
39,RLV,shapley,local,150,0.8533333333333334
39,RLV,lime,local,150,0.8733333333333333
39,RLV,lime,pool,150,0.26666666666666666
39,RLV,shapley_vs_lime,pool,150,0.4533333333333333
39,RLV,shapley_vs_lime,local,150,0.8266666666666667
39,Healthcare,shapley,pool,150,0.2733333333333333
39,Healthcare,shapley,local,150,0.8866666666666667
39,Healthcare,lime,local,150,0.9133333333333333
39,Healthcare,lime,pool,150,0.26
39,Healthcare,shapley_vs_lime,pool,150,0.6066666666666667
39,Healthcare,shapley_vs_lime,local,150,0.8733333333333333
40,RLV,shapley,pool,150,0.25333333333333335
40,RLV,shapley,local,150,0.8133333333333334
40,RLV,lime,local,150,0.8533333333333334
40,RLV,lime,pool,150,0.22666666666666666
40,RLV,shapley_vs_lime,pool,150,0.62
40,RLV,shapley_vs_lime,local,150,0.8333333333333334
40,Healthcare,shapley,pool,150,0.18
40,Healthcare,shapley,local,150,0.8733333333333333
40,Healthcare,lime,local,150,0.8933333333333333
40,Healthcare,lime,pool,150,0.22666666666666666
40,Healthcare,shapley_vs_lime,pool,150,0.6266666666666667
40,Healthcare,shapley_vs_lime,local,150,0.9
41,RLV,shapley,pool,150,0.22666666666666666
41,RLV,shapley,local,150,0.8466666666666667
41,RLV,lime,local,150,0.8733333333333333
41,RLV,lime,pool,150,0.23333333333333334
41,RLV,shapley_vs_lime,pool,150,0.68
41,RLV,shapley_vs_lime,local,150,0.86
41,Healthcare,shapley,pool,150,0.2733333333333333
41,Healthcare,shapley,local,150,0.86
41,Healthcare,lime,local,150,0.9133333333333333
41,Healthcare,lime,pool,150,0.30666666666666664
41,Healthcare,shapley_vs_lime,pool,150,0.7933333333333333
41,Healthcare,shapley_vs_lime,local,150,0.9
42,RLV,shapley,pool,150,0.24666666666666667
42,RLV,shapley,local,150,0.7933333333333333
42,RLV,lime,local,150,0.8333333333333334
42,RLV,lime,pool,150,0.24666666666666667
42,RLV,shapley_vs_lime,pool,150,0.7133333333333334
42,RLV,shapley_vs_lime,local,150,0.84
42,Healthcare,shapley,pool,150,0.17333333333333334
42,Healthcare,shapley,local,150,0.8466666666666667
42,Healthcare,lime,local,150,0.8933333333333333
42,Healthcare,lime,pool,150,0.23333333333333334
42,Healthcare,shapley_vs_lime,pool,150,0.48
42,Healthcare,shapley_vs_lime,local,150,0.82
43,RLV,shapley,pool,150,0.2866666666666667
43,RLV,shapley,local,150,0.8466666666666667
43,RLV,lime,local,150,0.8533333333333334
43,RLV,lime,pool,150,0.23333333333333334
43,RLV,shapley_vs_lime,pool,150,0.78
43,RLV,shapley_vs_lime,local,150,0.86
43,Healthcare,shapley,pool,150,0.25333333333333335
43,Healthcare,shapley,local,150,0.84
43,Healthcare,lime,local,150,0.8933333333333333
43,Healthcare,lime,pool,150,0.2733333333333333
43,Healthcare,shapley_vs_lime,pool,150,0.7466666666666667
43,Healthcare,shapley_vs_lime,local,150,0.8933333333333333
44,RLV,shapley,pool,150,0.29333333333333333
44,RLV,shapley,local,150,0.88
44,RLV,lime,local,150,0.8533333333333334
44,RLV,lime,pool,150,0.2866666666666667
44,RLV,shapley_vs_lime,pool,150,0.6733333333333333
44,RLV,shapley_vs_lime,local,150,0.8533333333333334
44,Healthcare,shapley,pool,150,0.2866666666666667
44,Healthcare,shapley,local,150,0.8866666666666667
44,Healthcare,lime,local,150,0.9
44,Healthcare,lime,pool,150,0.32
44,Healthcare,shapley_vs_lime,pool,150,0.56
44,Healthcare,shapley_vs_lime,local,150,0.8533333333333334
45,RLV,shapley,pool,150,0.24
45,RLV,shapley,local,150,0.8266666666666667
45,RLV,lime,local,150,0.8666666666666667
45,RLV,lime,pool,150,0.18666666666666668
45,RLV,shapley_vs_lime,pool,150,0.4066666666666667
45,RLV,shapley_vs_lime,local,150,0.86
45,Healthcare,shapley,pool,150,0.25333333333333335
45,Healthcare,shapley,local,150,0.9133333333333333
45,Healthcare,lime,local,150,0.9266666666666666
45,Healthcare,lime,pool,150,0.26
45,Healthcare,shapley_vs_lime,pool,150,0.7
45,Healthcare,shapley_vs_lime,local,150,0.8933333333333333
46,RLV,shapley,pool,150,0.31333333333333335
46,RLV,shapley,local,150,0.84
46,RLV,lime,local,150,0.8733333333333333
46,RLV,lime,pool,150,0.32
46,RLV,shapley_vs_lime,pool,150,0.94
46,RLV,shapley_vs_lime,local,150,0.88
46,Healthcare,shapley,pool,150,0.22
46,Healthcare,shapley,local,150,0.84
46,Healthcare,lime,local,150,0.8466666666666667
46,Healthcare,lime,pool,150,0.35333333333333333
46,Healthcare,shapley_vs_lime,pool,150,0.47333333333333333
46,Healthcare,shapley_vs_lime,local,150,0.8333333333333334
47,RLV,shapley,pool,150,0.21333333333333335
47,RLV,shapley,local,150,0.9266666666666666
47,RLV,lime,local,150,0.86
47,RLV,lime,pool,150,0.24
47,RLV,shapley_vs_lime,pool,150,0.4666666666666667
47,RLV,shapley_vs_lime,local,150,0.8666666666666667
47,Healthcare,shapley,pool,150,0.2866666666666667
47,Healthcare,shapley,local,150,0.8666666666666667
47,Healthcare,lime,local,150,0.9533333333333334
47,Healthcare,lime,pool,150,0.32666666666666666
47,Healthcare,shapley_vs_lime,pool,150,0.7
47,Healthcare,shapley_vs_lime,local,150,0.86
48,RLV,shapley,pool,150,0.17333333333333334
48,RLV,shapley,local,150,0.8466666666666667
48,RLV,lime,local,150,0.9066666666666666
48,RLV,lime,pool,150,0.18
48,RLV,shapley_vs_lime,pool,150,0.6333333333333333
48,RLV,shapley_vs_lime,local,150,0.88
48,Healthcare,shapley,pool,150,0.2866666666666667
48,Healthcare,shapley,local,150,0.8666666666666667
48,Healthcare,lime,local,150,0.9066666666666666
48,Healthcare,lime,pool,150,0.23333333333333334
48,Healthcare,shapley_vs_lime,pool,150,0.4666666666666667
48,Healthcare,shapley_vs_lime,local,150,0.8733333333333333
49,RLV,shapley,pool,150,0.36666666666666664
49,RLV,shapley,local,150,0.8
49,RLV,lime,local,150,0.8866666666666667
49,RLV,lime,pool,150,0.38666666666666666
49,RLV,shapley_vs_lime,pool,150,0.7533333333333333
49,RLV,shapley_vs_lime,local,150,0.8933333333333333
49,Healthcare,shapley,pool,150,0.22
49,Healthcare,shapley,local,150,0.8733333333333333
49,Healthcare,lime,local,150,0.8933333333333333
49,Healthcare,lime,pool,150,0.32
49,Healthcare,shapley_vs_lime,pool,150,0.32
49,Healthcare,shapley_vs_lime,local,150,0.84
