k,domain,width_x_halfwidth,shapley_local_vs_cf,lime_local_vs_cf,shapley_vs_lime
0,RLV,0.25,0.86,0.82,0.8666666666666667
0,RLV,0.5,0.8466666666666667,0.8533333333333334,0.8466666666666667
0,RLV,1.0,0.6466666666666666,0.82,0.66
0,RLV,2.0,0.3533333333333333,0.7066666666666667,0.3066666666666666
0,RLV,4.0,0.2466666666666666,0.2866666666666667,0.2466666666666666
0,Healthcare,0.25,0.88,0.9,0.8466666666666667
0,Healthcare,0.5,0.8533333333333334,0.9,0.8866666666666667
0,Healthcare,1.0,0.7466666666666667,0.8266666666666667,0.7066666666666667
0,Healthcare,2.0,0.3,0.66,0.3533333333333333
0,Healthcare,4.0,0.2733333333333333,0.3266666666666666,0.2466666666666666
1,RLV,0.25,0.8133333333333334,0.84,0.7933333333333333
1,RLV,0.5,0.8,0.8533333333333334,0.86
1,RLV,1.0,0.7533333333333333,0.7866666666666666,0.7266666666666667
1,RLV,2.0,0.3666666666666666,0.6133333333333333,0.3333333333333333
1,RLV,4.0,0.2533333333333333,0.24,0.3
1,Healthcare,0.25,0.8866666666666667,0.8933333333333333,0.88
1,Healthcare,0.5,0.8866666666666667,0.92,0.9
1,Healthcare,1.0,0.8133333333333334,0.8733333333333333,0.7933333333333333
1,Healthcare,2.0,0.42,0.62,0.34
1,Healthcare,4.0,0.2466666666666666,0.2733333333333333,0.2333333333333333
2,RLV,0.25,0.8533333333333334,0.8533333333333334,0.8866666666666667
2,RLV,0.5,0.88,0.9,0.88
2,RLV,1.0,0.7333333333333333,0.8133333333333334,0.6866666666666666
2,RLV,2.0,0.3733333333333333,0.6666666666666666,0.3466666666666667
2,RLV,4.0,0.2333333333333333,0.3466666666666667,0.2466666666666666
2,Healthcare,0.25,0.8333333333333334,0.88,0.86
2,Healthcare,0.5,0.8733333333333333,0.8866666666666667,0.8866666666666667
2,Healthcare,1.0,0.76,0.84,0.7333333333333333
2,Healthcare,2.0,0.36,0.62,0.4066666666666667
2,Healthcare,4.0,0.2266666666666666,0.34,0.24
3,RLV,0.25,0.8133333333333334,0.8133333333333334,0.8533333333333334
3,RLV,0.5,0.8333333333333334,0.8733333333333333,0.86
3,RLV,1.0,0.6533333333333333,0.7866666666666666,0.62
3,RLV,2.0,0.2933333333333333,0.56,0.32
3,RLV,4.0,0.2333333333333333,0.2933333333333333,0.2333333333333333
3,Healthcare,0.25,0.84,0.8466666666666667,0.9
3,Healthcare,0.5,0.88,0.9,0.8733333333333333
3,Healthcare,1.0,0.6933333333333334,0.8533333333333334,0.7333333333333333
3,Healthcare,2.0,0.2733333333333333,0.6266666666666667,0.2933333333333333
3,Healthcare,4.0,0.2466666666666666,0.3133333333333333,0.2666666666666666
4,RLV,0.25,0.86,0.8733333333333333,0.8666666666666667
4,RLV,0.5,0.82,0.84,0.84
4,RLV,1.0,0.5933333333333334,0.8133333333333334,0.6
4,RLV,2.0,0.4333333333333333,0.62,0.3733333333333333
4,RLV,4.0,0.2533333333333333,0.3,0.2666666666666666
4,Healthcare,0.25,0.86,0.8666666666666667,0.8866666666666667
4,Healthcare,0.5,0.8933333333333333,0.86,0.8466666666666667
4,Healthcare,1.0,0.68,0.8066666666666666,0.6666666666666666
4,Healthcare,2.0,0.3066666666666666,0.6266666666666667,0.3133333333333333
4,Healthcare,4.0,0.2666666666666666,0.3666666666666666,0.3066666666666666
5,RLV,0.25,0.86,0.8866666666666667,0.8733333333333333
5,RLV,0.5,0.8733333333333333,0.88,0.9
5,RLV,1.0,0.6933333333333334,0.8066666666666666,0.7066666666666667
5,RLV,2.0,0.34,0.6133333333333333,0.3533333333333333
5,RLV,4.0,0.1933333333333333,0.2733333333333333,0.2066666666666666
5,Healthcare,0.25,0.9066666666666666,0.9,0.9266666666666666
5,Healthcare,0.5,0.9066666666666666,0.8866666666666667,0.8666666666666667
5,Healthcare,1.0,0.76,0.88,0.74
5,Healthcare,2.0,0.3666666666666666,0.6933333333333334,0.3333333333333333
5,Healthcare,4.0,0.22,0.4333333333333333,0.2866666666666667
6,RLV,0.25,0.8266666666666667,0.8666666666666667,0.8133333333333334
6,RLV,0.5,0.8466666666666667,0.8333333333333334,0.9066666666666666
6,RLV,1.0,0.6733333333333333,0.7866666666666666,0.64
6,RLV,2.0,0.4066666666666667,0.6133333333333333,0.3066666666666666
6,RLV,4.0,0.1933333333333333,0.3,0.28
6,Healthcare,0.25,0.8666666666666667,0.84,0.84
6,Healthcare,0.5,0.8666666666666667,0.8733333333333333,0.8533333333333334
6,Healthcare,1.0,0.6933333333333334,0.8333333333333334,0.6533333333333333
6,Healthcare,2.0,0.32,0.6866666666666666,0.3133333333333333
6,Healthcare,4.0,0.2733333333333333,0.2733333333333333,0.2666666666666666
7,RLV,0.25,0.8533333333333334,0.9,0.8666666666666667
7,RLV,0.5,0.8666666666666667,0.9066666666666666,0.8466666666666667
7,RLV,1.0,0.7266666666666667,0.8933333333333333,0.7333333333333333
7,RLV,2.0,0.3733333333333333,0.68,0.28
7,RLV,4.0,0.1866666666666666,0.3266666666666666,0.2866666666666667
7,Healthcare,0.25,0.8466666666666667,0.9,0.8666666666666667
7,Healthcare,0.5,0.8466666666666667,0.8866666666666667,0.8866666666666667
7,Healthcare,1.0,0.7533333333333333,0.82,0.6933333333333334
7,Healthcare,2.0,0.4133333333333333,0.6933333333333334,0.3666666666666666
7,Healthcare,4.0,0.28,0.3133333333333333,0.2733333333333333
8,RLV,0.25,0.8466666666666667,0.8533333333333334,0.9
8,RLV,0.5,0.8266666666666667,0.8466666666666667,0.9
8,RLV,1.0,0.7133333333333334,0.8133333333333334,0.6733333333333333
8,RLV,2.0,0.4,0.5866666666666667,0.37333333333333335
8,RLV,4.0,0.32666666666666666,0.26,0.24666666666666667
8,Healthcare,0.25,0.8333333333333334,0.8733333333333333,0.84
8,Healthcare,0.5,0.8733333333333333,0.88,0.84
8,Healthcare,1.0,0.66,0.7933333333333333,0.66
8,Healthcare,2.0,0.3933333333333333,0.64,0.36
8,Healthcare,4.0,0.24,0.32,0.22
9,RLV,0.25,0.8266666666666667,0.88,0.86
9,RLV,0.5,0.8333333333333334,0.88,0.8733333333333333
9,RLV,1.0,0.6933333333333334,0.84,0.7066666666666667
9,RLV,2.0,0.29333333333333333,0.62,0.24
9,RLV,4.0,0.23333333333333334,0.29333333333333333,0.31333333333333335
9,Healthcare,0.25,0.86,0.8866666666666667,0.8333333333333334
9,Healthcare,0.5,0.84,0.88,0.8066666666666666
9,Healthcare,1.0,0.6666666666666666,0.82,0.6133333333333333
9,Healthcare,2.0,0.34,0.5533333333333333,0.28
9,Healthcare,4.0,0.22666666666666666,0.2733333333333333,0.2733333333333333
10,RLV,0.25,0.8066666666666666,0.8866666666666667,0.86
10,RLV,0.5,0.8333333333333334,0.9,0.8666666666666667
10,RLV,1.0,0.7,0.8266666666666667,0.7333333333333333
10,RLV,2.0,0.34,0.6666666666666666,0.3333333333333333
10,RLV,4.0,0.24666666666666667,0.30666666666666664,0.23333333333333334
10,Healthcare,0.25,0.88,0.9,0.9066666666666666
10,Healthcare,0.5,0.8733333333333333,0.9066666666666666,0.9066666666666666
10,Healthcare,1.0,0.7533333333333333,0.8666666666666667,0.76
10,Healthcare,2.0,0.34,0.5733333333333334,0.30666666666666664
10,Healthcare,4.0,0.26666666666666666,0.3,0.28
11,RLV,0.25,0.82,0.8466666666666667,0.8466666666666667
11,RLV,0.5,0.82,0.8533333333333334,0.82
11,RLV,1.0,0.68,0.7666666666666667,0.6133333333333333
11,RLV,2.0,0.38,0.6333333333333333,0.32666666666666666
11,RLV,4.0,0.31333333333333335,0.36666666666666664,0.35333333333333333
11,Healthcare,0.25,0.8533333333333334,0.9,0.8466666666666667
11,Healthcare,0.5,0.8733333333333333,0.8866666666666667,0.84
11,Healthcare,1.0,0.7266666666666667,0.8066666666666666,0.6733333333333333
11,Healthcare,2.0,0.4,0.5933333333333334,0.36
11,Healthcare,4.0,0.3333333333333333,0.37333333333333335,0.32
12,RLV,0.25,0.8266666666666667,0.8533333333333334,0.8466666666666667
12,RLV,0.5,0.8466666666666667,0.8533333333333334,0.8666666666666667
12,RLV,1.0,0.6333333333333333,0.78,0.6666666666666666
12,RLV,2.0,0.3933333333333333,0.7066666666666667,0.36
12,RLV,4.0,0.2733333333333333,0.21333333333333335,0.26666666666666666
12,Healthcare,0.25,0.8333333333333334,0.9266666666666666,0.8533333333333334
12,Healthcare,0.5,0.8466666666666667,0.9333333333333333,0.8466666666666667
12,Healthcare,1.0,0.7,0.84,0.6266666666666667
12,Healthcare,2.0,0.29333333333333333,0.6866666666666666,0.24
12,Healthcare,4.0,0.2866666666666667,0.32,0.22666666666666666
13,RLV,0.25,0.7733333333333333,0.8066666666666666,0.8
13,RLV,0.5,0.8066666666666666,0.86,0.8266666666666667
13,RLV,1.0,0.6466666666666666,0.7933333333333333,0.7
13,RLV,2.0,0.3466666666666667,0.58,0.3333333333333333
13,RLV,4.0,0.24666666666666667,0.28,0.2733333333333333
13,Healthcare,0.25,0.8666666666666667,0.9,0.8733333333333333
13,Healthcare,0.5,0.8866666666666667,0.8866666666666667,0.8733333333333333
13,Healthcare,1.0,0.7133333333333334,0.8866666666666667,0.6933333333333334
13,Healthcare,2.0,0.41333333333333333,0.62,0.36666666666666664
13,Healthcare,4.0,0.3333333333333333,0.32,0.3
14,RLV,0.25,0.88,0.8933333333333333,0.8533333333333334
14,RLV,0.5,0.8,0.8933333333333333,0.8333333333333334
14,RLV,1.0,0.6733333333333333,0.8533333333333334,0.68
14,RLV,2.0,0.44666666666666666,0.7,0.4266666666666667
14,RLV,4.0,0.25333333333333335,0.32,0.24
14,Healthcare,0.25,0.8533333333333334,0.9066666666666666,0.9066666666666666
14,Healthcare,0.5,0.84,0.92,0.8733333333333333
14,Healthcare,1.0,0.6733333333333333,0.8533333333333334,0.68
14,Healthcare,2.0,0.3466666666666667,0.6466666666666666,0.3466666666666667
14,Healthcare,4.0,0.26666666666666666,0.4066666666666667,0.28
15,RLV,0.25,0.88,0.92,0.8933333333333333
15,RLV,0.5,0.8733333333333333,0.8733333333333333,0.9133333333333333
15,RLV,1.0,0.7533333333333333,0.82,0.72
15,RLV,2.0,0.43333333333333335,0.6866666666666666,0.41333333333333333
15,RLV,4.0,0.28,0.30666666666666664,0.26666666666666666
15,Healthcare,0.25,0.8666666666666667,0.8733333333333333,0.86
15,Healthcare,0.5,0.86,0.8666666666666667,0.8533333333333334
15,Healthcare,1.0,0.7466666666666667,0.8333333333333334,0.6933333333333334
15,Healthcare,2.0,0.4,0.6466666666666666,0.36666666666666664
15,Healthcare,4.0,0.3466666666666667,0.32666666666666666,0.26666666666666666
16,RLV,0.25,0.8266666666666667,0.8733333333333333,0.8733333333333333
16,RLV,0.5,0.8466666666666667,0.8666666666666667,0.84
16,RLV,1.0,0.68,0.8333333333333334,0.6466666666666666
16,RLV,2.0,0.3466666666666667,0.6266666666666667,0.30666666666666664
16,RLV,4.0,0.24666666666666667,0.2866666666666667,0.26666666666666666
16,Healthcare,0.25,0.8666666666666667,0.9,0.8866666666666667
16,Healthcare,0.5,0.8466666666666667,0.9,0.8866666666666667
16,Healthcare,1.0,0.7333333333333333,0.8666666666666667,0.7333333333333333
16,Healthcare,2.0,0.4066666666666667,0.7066666666666667,0.42
16,Healthcare,4.0,0.23333333333333334,0.35333333333333333,0.3
17,RLV,0.25,0.86,0.8533333333333334,0.8466666666666667
17,RLV,0.5,0.8466666666666667,0.86,0.8666666666666667
17,RLV,1.0,0.7533333333333333,0.8533333333333334,0.7333333333333333
17,RLV,2.0,0.30666666666666664,0.6,0.3
17,RLV,4.0,0.22,0.32,0.28
17,Healthcare,0.25,0.8533333333333334,0.8866666666666667,0.86
17,Healthcare,0.5,0.8666666666666667,0.8733333333333333,0.8466666666666667
17,Healthcare,1.0,0.7333333333333333,0.8866666666666667,0.7266666666666667
17,Healthcare,2.0,0.3466666666666667,0.6733333333333333,0.3466666666666667
17,Healthcare,4.0,0.26,0.3333333333333333,0.21333333333333335
18,RLV,0.25,0.8933333333333333,0.9066666666666666,0.9133333333333333
18,RLV,0.5,0.8933333333333333,0.9133333333333333,0.8933333333333333
18,RLV,1.0,0.6733333333333333,0.8266666666666667,0.6866666666666666
18,RLV,2.0,0.38666666666666666,0.6333333333333333,0.3333333333333333
18,RLV,4.0,0.2733333333333333,0.32666666666666666,0.31333333333333335
18,Healthcare,0.25,0.8733333333333333,0.92,0.9266666666666666
18,Healthcare,0.5,0.8666666666666667,0.8866666666666667,0.84
18,Healthcare,1.0,0.72,0.8533333333333334,0.7133333333333334
18,Healthcare,2.0,0.2866666666666667,0.6266666666666667,0.2866666666666667
18,Healthcare,4.0,0.26666666666666666,0.36,0.21333333333333335
19,RLV,0.25,0.8266666666666667,0.8733333333333333,0.8866666666666667
19,RLV,0.5,0.84,0.8733333333333333,0.8933333333333333
19,RLV,1.0,0.6933333333333334,0.7266666666666667,0.68
19,RLV,2.0,0.3333333333333333,0.6866666666666666,0.31333333333333335
19,RLV,4.0,0.37333333333333335,0.21333333333333335,0.23333333333333334
19,Healthcare,0.25,0.8533333333333334,0.8666666666666667,0.8466666666666667
19,Healthcare,0.5,0.8533333333333334,0.86,0.88
19,Healthcare,1.0,0.6266666666666667,0.8266666666666667,0.6333333333333333
19,Healthcare,2.0,0.36666666666666664,0.5866666666666667,0.31333333333333335
19,Healthcare,4.0,0.2733333333333333,0.3466666666666667,0.17333333333333334
20,RLV,0.25,0.8466666666666667,0.9,0.8533333333333334
20,RLV,0.5,0.8266666666666667,0.8666666666666667,0.8466666666666667
20,RLV,1.0,0.72,0.84,0.6933333333333334
20,RLV,2.0,0.37333333333333335,0.68,0.3333333333333333
20,RLV,4.0,0.22666666666666666,0.30666666666666664,0.32
20,Healthcare,0.25,0.8866666666666667,0.8933333333333333,0.9266666666666666
20,Healthcare,0.5,0.8266666666666667,0.8533333333333334,0.86
20,Healthcare,1.0,0.7466666666666667,0.8866666666666667,0.7133333333333334
20,Healthcare,2.0,0.31333333333333335,0.5866666666666667,0.28
20,Healthcare,4.0,0.18,0.22666666666666666,0.24
21,RLV,0.25,0.9,0.8733333333333333,0.8933333333333333
21,RLV,0.5,0.8666666666666667,0.88,0.9066666666666666
21,RLV,1.0,0.6533333333333333,0.8933333333333333,0.6466666666666666
21,RLV,2.0,0.31333333333333335,0.6733333333333333,0.35333333333333333
21,RLV,4.0,0.24666666666666667,0.29333333333333333,0.26
21,Healthcare,0.25,0.8666666666666667,0.88,0.8666666666666667
21,Healthcare,0.5,0.8533333333333334,0.9333333333333333,0.84
21,Healthcare,1.0,0.7866666666666666,0.9133333333333333,0.7533333333333333
21,Healthcare,2.0,0.42,0.6133333333333333,0.34
21,Healthcare,4.0,0.25333333333333335,0.32,0.26
22,RLV,0.25,0.84,0.8866666666666667,0.8866666666666667
22,RLV,0.5,0.86,0.8733333333333333,0.88
22,RLV,1.0,0.72,0.8333333333333334,0.6533333333333333
22,RLV,2.0,0.37333333333333335,0.6,0.37333333333333335
22,RLV,4.0,0.30666666666666664,0.3,0.25333333333333335
22,Healthcare,0.25,0.84,0.88,0.8333333333333334
22,Healthcare,0.5,0.8333333333333334,0.86,0.8733333333333333
22,Healthcare,1.0,0.6866666666666666,0.8666666666666667,0.6666666666666666
22,Healthcare,2.0,0.38,0.62,0.32
22,Healthcare,4.0,0.3,0.31333333333333335,0.30666666666666664
23,RLV,0.25,0.8866666666666667,0.8933333333333333,0.8866666666666667
23,RLV,0.5,0.8666666666666667,0.8866666666666667,0.8733333333333333
23,RLV,1.0,0.74,0.8333333333333334,0.7333333333333333
23,RLV,2.0,0.38,0.6466666666666666,0.29333333333333333
23,RLV,4.0,0.32,0.29333333333333333,0.23333333333333334
23,Healthcare,0.25,0.8466666666666667,0.88,0.8666666666666667
23,Healthcare,0.5,0.8266666666666667,0.88,0.8866666666666667
23,Healthcare,1.0,0.7066666666666667,0.8733333333333333,0.7266666666666667
23,Healthcare,2.0,0.38,0.58,0.28
23,Healthcare,4.0,0.2733333333333333,0.29333333333333333,0.20666666666666667
24,RLV,0.25,0.86,0.8666666666666667,0.86
24,RLV,0.5,0.84,0.86,0.8733333333333333
24,RLV,1.0,0.6866666666666666,0.78,0.6133333333333333
24,RLV,2.0,0.41333333333333333,0.6133333333333333,0.3333333333333333
24,RLV,4.0,0.25333333333333335,0.32,0.29333333333333333
24,Healthcare,0.25,0.8466666666666667,0.9,0.84
24,Healthcare,0.5,0.8133333333333334,0.9133333333333333,0.8333333333333334
24,Healthcare,1.0,0.74,0.84,0.6933333333333334
24,Healthcare,2.0,0.4066666666666667,0.6333333333333333,0.3466666666666667
24,Healthcare,4.0,0.23333333333333334,0.35333333333333333,0.26
25,RLV,0.25,0.8266666666666667,0.86,0.8533333333333334
25,RLV,0.5,0.8,0.8666666666666667,0.8266666666666667
25,RLV,1.0,0.7466666666666667,0.7533333333333333,0.74
25,RLV,2.0,0.36,0.6333333333333333,0.31333333333333335
25,RLV,4.0,0.28,0.24666666666666667,0.2866666666666667
25,Healthcare,0.25,0.8533333333333334,0.8866666666666667,0.84
25,Healthcare,0.5,0.8266666666666667,0.86,0.8466666666666667
25,Healthcare,1.0,0.62,0.86,0.6
25,Healthcare,2.0,0.38666666666666666,0.66,0.36666666666666664
25,Healthcare,4.0,0.24666666666666667,0.3,0.22666666666666666
26,RLV,0.25,0.8,0.84,0.86
26,RLV,0.5,0.7866666666666666,0.8533333333333334,0.7866666666666666
26,RLV,1.0,0.68,0.7733333333333333,0.6533333333333333
26,RLV,2.0,0.32666666666666666,0.64,0.38666666666666666
26,RLV,4.0,0.23333333333333334,0.24666666666666667,0.2866666666666667
26,Healthcare,0.25,0.8733333333333333,0.8666666666666667,0.8666666666666667
26,Healthcare,0.5,0.8133333333333334,0.8666666666666667,0.82
26,Healthcare,1.0,0.72,0.8066666666666666,0.72
26,Healthcare,2.0,0.32666666666666666,0.62,0.38666666666666666
26,Healthcare,4.0,0.24666666666666667,0.26666666666666666,0.24666666666666667
27,RLV,0.25,0.7866666666666666,0.86,0.8066666666666666
27,RLV,0.5,0.84,0.8466666666666667,0.8533333333333334
27,RLV,1.0,0.68,0.7866666666666666,0.7533333333333333
27,RLV,2.0,0.3,0.5466666666666666,0.35333333333333333
27,RLV,4.0,0.24666666666666667,0.23333333333333334,0.24
27,Healthcare,0.25,0.8333333333333334,0.9,0.84
27,Healthcare,0.5,0.8533333333333334,0.8466666666666667,0.8
27,Healthcare,1.0,0.66,0.8066666666666666,0.66
27,Healthcare,2.0,0.32,0.6066666666666667,0.35333333333333333
27,Healthcare,4.0,0.29333333333333333,0.3466666666666667,0.2
28,RLV,0.25,0.8466666666666667,0.8666666666666667,0.9
28,RLV,0.5,0.8266666666666667,0.84,0.8066666666666666
28,RLV,1.0,0.6733333333333333,0.84,0.6666666666666666
28,RLV,2.0,0.32666666666666666,0.6733333333333333,0.32666666666666666
28,RLV,4.0,0.21333333333333335,0.26,0.18666666666666668
28,Healthcare,0.25,0.9133333333333333,0.8866666666666667,0.8866666666666667
28,Healthcare,0.5,0.9,0.8933333333333333,0.8866666666666667
28,Healthcare,1.0,0.7133333333333334,0.8933333333333333,0.74
28,Healthcare,2.0,0.38,0.6133333333333333,0.32
28,Healthcare,4.0,0.38,0.2866666666666667,0.20666666666666667
29,RLV,0.25,0.8733333333333333,0.8666666666666667,0.8666666666666667
29,RLV,0.5,0.86,0.8466666666666667,0.8333333333333334
29,RLV,1.0,0.66,0.8866666666666667,0.6666666666666666
29,RLV,2.0,0.3466666666666667,0.6066666666666667,0.36
29,RLV,4.0,0.34,0.29333333333333333,0.32666666666666666
29,Healthcare,0.25,0.86,0.94,0.8733333333333333
29,Healthcare,0.5,0.86,0.8866666666666667,0.8666666666666667
29,Healthcare,1.0,0.72,0.7866666666666666,0.7
29,Healthcare,2.0,0.34,0.5733333333333334,0.34
29,Healthcare,4.0,0.25333333333333335,0.38,0.25333333333333335
30,RLV,0.25,0.84,0.86,0.88
30,RLV,0.5,0.8,0.88,0.8
30,RLV,1.0,0.7533333333333333,0.7933333333333333,0.7066666666666667
30,RLV,2.0,0.34,0.6466666666666666,0.30666666666666664
30,RLV,4.0,0.24,0.28,0.14666666666666667
30,Healthcare,0.25,0.88,0.8866666666666667,0.86
30,Healthcare,0.5,0.8266666666666667,0.8933333333333333,0.8533333333333334
30,Healthcare,1.0,0.7066666666666667,0.8,0.6933333333333334
30,Healthcare,2.0,0.44666666666666666,0.6733333333333333,0.4266666666666667
30,Healthcare,4.0,0.26666666666666666,0.31333333333333335,0.23333333333333334
31,RLV,0.25,0.8266666666666667,0.8533333333333334,0.8666666666666667
31,RLV,0.5,0.8266666666666667,0.84,0.8466666666666667
31,RLV,1.0,0.6066666666666667,0.8333333333333334,0.6666666666666666
31,RLV,2.0,0.32666666666666666,0.6266666666666667,0.3333333333333333
31,RLV,4.0,0.30666666666666664,0.2733333333333333,0.23333333333333334
31,Healthcare,0.25,0.8733333333333333,0.9333333333333333,0.8733333333333333
31,Healthcare,0.5,0.9133333333333333,0.9533333333333334,0.9066666666666666
31,Healthcare,1.0,0.68,0.8333333333333334,0.6866666666666666
31,Healthcare,2.0,0.3933333333333333,0.6066666666666667,0.37333333333333335
31,Healthcare,4.0,0.32666666666666666,0.30666666666666664,0.22666666666666666
32,RLV,0.25,0.7733333333333333,0.8533333333333334,0.8466666666666667
32,RLV,0.5,0.82,0.8133333333333334,0.8733333333333333
32,RLV,1.0,0.6733333333333333,0.82,0.6666666666666666
32,RLV,2.0,0.41333333333333333,0.6733333333333333,0.36666666666666664
32,RLV,4.0,0.30666666666666664,0.3,0.24
32,Healthcare,0.25,0.8933333333333333,0.9266666666666666,0.9466666666666667
32,Healthcare,0.5,0.9066666666666666,0.9133333333333333,0.88
32,Healthcare,1.0,0.7866666666666666,0.84,0.7333333333333333
32,Healthcare,2.0,0.3466666666666667,0.6466666666666666,0.32
32,Healthcare,4.0,0.22666666666666666,0.36,0.22666666666666666
33,RLV,0.25,0.8533333333333334,0.8733333333333333,0.8666666666666667
33,RLV,0.5,0.84,0.88,0.8733333333333333
33,RLV,1.0,0.6933333333333334,0.7933333333333333,0.6733333333333333
33,RLV,2.0,0.4066666666666667,0.6733333333333333,0.3466666666666667
33,RLV,4.0,0.24666666666666667,0.22,0.23333333333333334
33,Healthcare,0.25,0.8333333333333334,0.8666666666666667,0.86
33,Healthcare,0.5,0.8266666666666667,0.84,0.8266666666666667
33,Healthcare,1.0,0.7866666666666666,0.8066666666666666,0.7533333333333333
33,Healthcare,2.0,0.3933333333333333,0.62,0.3466666666666667
33,Healthcare,4.0,0.26,0.37333333333333335,0.24666666666666667
34,RLV,0.25,0.8733333333333333,0.88,0.8933333333333333
34,RLV,0.5,0.8866666666666667,0.88,0.8733333333333333
34,RLV,1.0,0.6733333333333333,0.88,0.6733333333333333
34,RLV,2.0,0.4533333333333333,0.58,0.35333333333333333
34,RLV,4.0,0.34,0.2866666666666667,0.24666666666666667
34,Healthcare,0.25,0.88,0.9066666666666666,0.92
34,Healthcare,0.5,0.9,0.9133333333333333,0.9133333333333333
34,Healthcare,1.0,0.7466666666666667,0.8533333333333334,0.7
34,Healthcare,2.0,0.3466666666666667,0.5666666666666667,0.36
34,Healthcare,4.0,0.26666666666666666,0.30666666666666664,0.2733333333333333
35,RLV,0.25,0.8666666666666667,0.8866666666666667,0.86
35,RLV,0.5,0.88,0.8866666666666667,0.86
35,RLV,1.0,0.6866666666666666,0.8266666666666667,0.68
35,RLV,2.0,0.36,0.62,0.3
35,RLV,4.0,0.31333333333333335,0.32,0.28
35,Healthcare,0.25,0.8933333333333333,0.92,0.92
35,Healthcare,0.5,0.8666666666666667,0.9066666666666666,0.8933333333333333
35,Healthcare,1.0,0.7266666666666667,0.8266666666666667,0.7266666666666667
35,Healthcare,2.0,0.4066666666666667,0.6266666666666667,0.35333333333333333
35,Healthcare,4.0,0.26,0.34,0.25333333333333335
36,RLV,0.25,0.8733333333333333,0.9066666666666666,0.8933333333333333
36,RLV,0.5,0.84,0.8866666666666667,0.8666666666666667
36,RLV,1.0,0.6933333333333334,0.84,0.6666666666666666
36,RLV,2.0,0.32666666666666666,0.5866666666666667,0.35333333333333333
36,RLV,4.0,0.20666666666666667,0.24666666666666667,0.24666666666666667
36,Healthcare,0.25,0.8866666666666667,0.8933333333333333,0.8733333333333333
36,Healthcare,0.5,0.9333333333333333,0.9666666666666667,0.9266666666666666
36,Healthcare,1.0,0.74,0.8533333333333334,0.72
36,Healthcare,2.0,0.34,0.6333333333333333,0.34
36,Healthcare,4.0,0.29333333333333333,0.25333333333333335,0.26
37,RLV,0.25,0.8533333333333334,0.8866666666666667,0.8533333333333334
37,RLV,0.5,0.86,0.8866666666666667,0.9133333333333333
37,RLV,1.0,0.7,0.84,0.7333333333333333
37,RLV,2.0,0.36,0.6533333333333333,0.3333333333333333
37,RLV,4.0,0.25333333333333335,0.32,0.26666666666666666
37,Healthcare,0.25,0.8733333333333333,0.9266666666666666,0.88
37,Healthcare,0.5,0.88,0.9,0.82
37,Healthcare,1.0,0.6333333333333333,0.8,0.6266666666666667
37,Healthcare,2.0,0.44,0.6066666666666667,0.41333333333333333
37,Healthcare,4.0,0.3,0.31333333333333335,0.28
38,RLV,0.25,0.8266666666666667,0.8933333333333333,0.8733333333333333
38,RLV,0.5,0.8533333333333334,0.88,0.9066666666666666
38,RLV,1.0,0.6933333333333334,0.84,0.6733333333333333
38,RLV,2.0,0.44,0.6533333333333333,0.38666666666666666
38,RLV,4.0,0.2866666666666667,0.28,0.21333333333333335
38,Healthcare,0.25,0.8866666666666667,0.8866666666666667,0.8933333333333333
38,Healthcare,0.5,0.88,0.9066666666666666,0.8266666666666667
38,Healthcare,1.0,0.74,0.8,0.64
38,Healthcare,2.0,0.32,0.6266666666666667,0.3
38,Healthcare,4.0,0.28,0.3,0.29333333333333333
39,RLV,0.25,0.8133333333333334,0.8666666666666667,0.8333333333333334
39,RLV,0.5,0.8533333333333334,0.8066666666666666,0.9
39,RLV,1.0,0.72,0.8066666666666666,0.6866666666666666
39,RLV,2.0,0.3,0.7,0.32666666666666666
39,RLV,4.0,0.30666666666666664,0.3466666666666667,0.21333333333333335
39,Healthcare,0.25,0.84,0.9066666666666666,0.8466666666666667
39,Healthcare,0.5,0.8666666666666667,0.9266666666666666,0.8866666666666667
39,Healthcare,1.0,0.6333333333333333,0.84,0.62
39,Healthcare,2.0,0.28,0.64,0.31333333333333335
39,Healthcare,4.0,0.24666666666666667,0.29333333333333333,0.3
40,RLV,0.25,0.86,0.8333333333333334,0.8866666666666667
40,RLV,0.5,0.86,0.8466666666666667,0.8266666666666667
40,RLV,1.0,0.62,0.8133333333333334,0.62
40,RLV,2.0,0.41333333333333333,0.64,0.36666666666666664
40,RLV,4.0,0.24666666666666667,0.31333333333333335,0.22
40,Healthcare,0.25,0.8333333333333334,0.8933333333333333,0.8666666666666667
40,Healthcare,0.5,0.88,0.9066666666666666,0.8866666666666667
40,Healthcare,1.0,0.6933333333333334,0.8266666666666667,0.6533333333333333
40,Healthcare,2.0,0.38,0.6733333333333333,0.3333333333333333
40,Healthcare,4.0,0.20666666666666667,0.23333333333333334,0.26
41,RLV,0.25,0.8533333333333334,0.8666666666666667,0.8933333333333333
41,RLV,0.5,0.8666666666666667,0.8733333333333333,0.86
41,RLV,1.0,0.6333333333333333,0.8133333333333334,0.62
41,RLV,2.0,0.42,0.5866666666666667,0.31333333333333335
41,RLV,4.0,0.26666666666666666,0.2866666666666667,0.24666666666666667
41,Healthcare,0.25,0.88,0.8933333333333333,0.8933333333333333
41,Healthcare,0.5,0.8866666666666667,0.88,0.84
41,Healthcare,1.0,0.78,0.8466666666666667,0.76
41,Healthcare,2.0,0.3933333333333333,0.6266666666666667,0.38
41,Healthcare,4.0,0.24666666666666667,0.30666666666666664,0.2733333333333333
42,RLV,0.25,0.8,0.88,0.8466666666666667
42,RLV,0.5,0.84,0.8666666666666667,0.8533333333333334
42,RLV,1.0,0.7333333333333333,0.7733333333333333,0.6333333333333333
42,RLV,2.0,0.4,0.6,0.4
42,RLV,4.0,0.26666666666666666,0.3,0.24
42,Healthcare,0.25,0.8733333333333333,0.9,0.9133333333333333
42,Healthcare,0.5,0.8733333333333333,0.8666666666666667,0.8266666666666667
42,Healthcare,1.0,0.7533333333333333,0.8266666666666667,0.7333333333333333
42,Healthcare,2.0,0.32,0.5866666666666667,0.2733333333333333
42,Healthcare,4.0,0.3,0.3466666666666667,0.21333333333333335
43,RLV,0.25,0.7866666666666666,0.88,0.8533333333333334
43,RLV,0.5,0.82,0.84,0.8533333333333334
43,RLV,1.0,0.6933333333333334,0.8066666666666666,0.68
43,RLV,2.0,0.46,0.68,0.44666666666666666
43,RLV,4.0,0.30666666666666664,0.32,0.24666666666666667
43,Healthcare,0.25,0.86,0.9066666666666666,0.8533333333333334
43,Healthcare,0.5,0.8666666666666667,0.8533333333333334,0.88
43,Healthcare,1.0,0.6933333333333334,0.8133333333333334,0.6666666666666666
43,Healthcare,2.0,0.36666666666666664,0.6466666666666666,0.3333333333333333
43,Healthcare,4.0,0.28,0.29333333333333333,0.26666666666666666
44,RLV,0.25,0.8666666666666667,0.8933333333333333,0.9133333333333333
44,RLV,0.5,0.84,0.9066666666666666,0.8866666666666667
44,RLV,1.0,0.7133333333333334,0.8266666666666667,0.64
44,RLV,2.0,0.4066666666666667,0.6066666666666667,0.3466666666666667
44,RLV,4.0,0.26666666666666666,0.28,0.24666666666666667
44,Healthcare,0.25,0.88,0.8933333333333333,0.9133333333333333
44,Healthcare,0.5,0.88,0.9,0.88
44,Healthcare,1.0,0.7533333333333333,0.8333333333333334,0.6733333333333333
44,Healthcare,2.0,0.36,0.6066666666666667,0.3333333333333333
44,Healthcare,4.0,0.31333333333333335,0.32666666666666666,0.2866666666666667
45,RLV,0.25,0.8333333333333334,0.8866666666666667,0.8666666666666667
45,RLV,0.5,0.8066666666666666,0.8666666666666667,0.8533333333333334
45,RLV,1.0,0.7333333333333333,0.7933333333333333,0.7266666666666667
45,RLV,2.0,0.3933333333333333,0.6333333333333333,0.37333333333333335
45,RLV,4.0,0.26,0.24,0.31333333333333335
45,Healthcare,0.25,0.8733333333333333,0.8933333333333333,0.8333333333333334
45,Healthcare,0.5,0.88,0.88,0.84
45,Healthcare,1.0,0.7133333333333334,0.8266666666666667,0.7266666666666667
45,Healthcare,2.0,0.34,0.62,0.34
45,Healthcare,4.0,0.26,0.28,0.29333333333333333
46,RLV,0.25,0.8333333333333334,0.8933333333333333,0.88
46,RLV,0.5,0.84,0.8533333333333334,0.8533333333333334
46,RLV,1.0,0.7133333333333334,0.8066666666666666,0.7066666666666667
46,RLV,2.0,0.3333333333333333,0.6533333333333333,0.38
46,RLV,4.0,0.19333333333333333,0.32,0.32666666666666666
46,Healthcare,0.25,0.86,0.8866666666666667,0.86
46,Healthcare,0.5,0.8466666666666667,0.8666666666666667,0.8333333333333334
46,Healthcare,1.0,0.7066666666666667,0.86,0.72
46,Healthcare,2.0,0.3,0.6266666666666667,0.32
46,Healthcare,4.0,0.29333333333333333,0.36666666666666664,0.30666666666666664
47,RLV,0.25,0.84,0.8933333333333333,0.8533333333333334
47,RLV,0.5,0.8133333333333334,0.8933333333333333,0.8733333333333333
47,RLV,1.0,0.6933333333333334,0.8333333333333334,0.7066666666666667
47,RLV,2.0,0.22666666666666666,0.6666666666666666,0.23333333333333334
47,RLV,4.0,0.18666666666666668,0.3466666666666667,0.25333333333333335
47,Healthcare,0.25,0.8933333333333333,0.94,0.9
47,Healthcare,0.5,0.8933333333333333,0.9,0.88
47,Healthcare,1.0,0.72,0.8933333333333333,0.6666666666666666
47,Healthcare,2.0,0.36,0.7066666666666667,0.36666666666666664
47,Healthcare,4.0,0.26,0.31333333333333335,0.26666666666666666
48,RLV,0.25,0.8933333333333333,0.9,0.8933333333333333
48,RLV,0.5,0.84,0.8933333333333333,0.88
48,RLV,1.0,0.7066666666666667,0.8133333333333334,0.6466666666666666
48,RLV,2.0,0.4533333333333333,0.6066666666666667,0.36666666666666664
48,RLV,4.0,0.3333333333333333,0.36666666666666664,0.23333333333333334
48,Healthcare,0.25,0.8733333333333333,0.92,0.88
48,Healthcare,0.5,0.8666666666666667,0.88,0.86
48,Healthcare,1.0,0.72,0.8333333333333334,0.66
48,Healthcare,2.0,0.36,0.6,0.3333333333333333
48,Healthcare,4.0,0.26666666666666666,0.32,0.24
49,RLV,0.25,0.8,0.8533333333333334,0.8666666666666667
49,RLV,0.5,0.82,0.8266666666666667,0.86
49,RLV,1.0,0.6866666666666666,0.8333333333333334,0.6933333333333334
49,RLV,2.0,0.36666666666666664,0.6133333333333333,0.29333333333333333
49,RLV,4.0,0.25333333333333335,0.30666666666666664,0.24
49,Healthcare,0.25,0.8733333333333333,0.92,0.92
49,Healthcare,0.5,0.8533333333333334,0.9066666666666666,0.8933333333333333
49,Healthcare,1.0,0.68,0.82,0.5933333333333334
49,Healthcare,2.0,0.4266666666666667,0.6,0.38666666666666666
49,Healthcare,4.0,0.24666666666666667,0.34,0.24
