k,domain,eval_seed,tightening,n_gen1,revoke_rate,regeneration_success_rate,random_redraw_success_rate,SR_discard,GC_discard,SR_regenerate,n_revoked,n_regen_ok,n_redraw_ok,Rel_baseline,Rel_discard,Rel_regenerate
0,RLV,42,0.05,198,0.3383838383838384,0.8656716417910447,0.04477611940298507,0.6616161616161617,0.6616161616161615,0.9545454545454546,67,58,3,0.8996844050636875,0.7318014156364209,0.8892816810299313
0,Healthcare,43,0.05,197,0.3197969543147208,0.8412698412698413,0.015873015873015872,0.6802030456852792,0.6802030456852792,0.949238578680203,63,53,1,0.9073967055596086,0.7483701976532213,0.8956555951017323
1,RLV,1042,0.05,199,0.2663316582914573,0.9811320754716981,0.05660377358490566,0.7336683417085427,0.7336683417085428,0.9949748743718593,53,52,3,0.908264139590295,0.7779685797378043,0.9071209477220399
1,Healthcare,1043,0.05,195,0.3128205128205128,0.8688524590163934,0.04918032786885246,0.6871794871794872,0.6871794871794872,0.958974358974359,61,53,3,0.8885675354565101,0.7365895197532475,0.8793103613251545
2,RLV,2042,0.05,198,0.2474747474747475,0.8979591836734694,0.0,0.7525252525252525,0.7525252525252525,0.9747474747474747,49,44,0,0.88449675963324,0.7672851364179728,0.8788591444692281
2,Healthcare,2043,0.05,193,0.2538860103626943,0.8571428571428571,0.04081632653061224,0.7461139896373057,0.7461139896373057,0.9637305699481865,49,42,2,0.9013564837193981,0.7785727128248184,0.8930699899123589
3,RLV,3042,0.05,195,0.3128205128205128,0.7704918032786885,0.04918032786885246,0.6871794871794872,0.6871794871794872,0.9282051282051282,61,47,3,0.8756423013003267,0.7258749801826452,0.8594838579249836
3,Healthcare,3043,0.05,197,0.2233502538071066,0.9318181818181818,0.022727272727272728,0.7766497461928934,0.7766497461928934,0.9847715736040609,44,41,1,0.9090633639957639,0.8011369413513697,0.90558252140633
4,RLV,4042,0.05,194,0.26288659793814434,0.9019607843137255,0.058823529411764705,0.7371134020618557,0.7371134020618557,0.9742268041237113,51,46,3,0.8923630449138911,0.7661410463454984,0.8865568613013535
4,Healthcare,4043,0.05,194,0.27835051546391754,0.9444444444444444,0.07407407407407407,0.7216494845360825,0.7216494845360825,0.9845360824742269,54,51,4,0.8882921638093655,0.7546037929466505,0.8848379486963893
5,RLV,5042,0.05,199,0.3316582914572864,0.9090909090909091,0.015151515151515152,0.6683417085427136,0.6683417085427136,0.9698492462311558,66,60,1,0.8873633499967021,0.7254387827775959,0.880597697571662
5,Healthcare,5043,0.05,198,0.2474747474747475,0.8163265306122449,0.02040816326530612,0.7525252525252525,0.7525252525252525,0.9545454545454546,49,40,1,0.9162557922378254,0.7948355297903764,0.9056614592724718
6,RLV,6042,0.05,195,0.35384615384615387,0.8405797101449275,0.028985507246376812,0.6461538461538462,0.6461538461538461,0.9435897435897436,69,58,2,0.8926175753589154,0.7175189914963326,0.8797539726376853
6,Healthcare,6043,0.05,193,0.32124352331606215,0.8709677419354839,0.04838709677419355,0.6787564766839378,0.6787564766839378,0.9585492227979274,62,54,3,0.890618045349317,0.7337506242026836,0.8812418128843258
7,RLV,7042,0.05,197,0.29949238578680204,0.8813559322033898,0.06779661016949153,0.700507614213198,0.700507614213198,0.9644670050761421,59,52,4,0.8892345355833756,0.7442566972286722,0.8812277504832099
7,Healthcare,7043,0.05,197,0.30456852791878175,0.8333333333333334,0.05,0.6954314720812182,0.6954314720812182,0.949238578680203,60,50,3,0.8879968131305537,0.7405230439824948,0.8765067243906148
8,RLV,8042,0.05,197,0.350253807106599,0.855072463768116,0.10144927536231885,0.649746192893401,0.649746192893401,0.949238578680203,69,59,7,0.9058148660504345,0.7301486989899032,0.894094223544767
8,Healthcare,8043,0.05,196,0.34183673469387754,0.8208955223880597,0.08955223880597014,0.6581632653061225,0.6581632653061225,0.9387755102040817,67,55,6,0.8881604099444318,0.7205402234918322,0.8742423653469575
9,RLV,9042,0.05,197,0.2639593908629442,0.8846153846153846,0.057692307692307696,0.7360406091370558,0.7360406091370558,0.9695431472081218,52,46,3,0.9126370996626579,0.7829770045883835,0.905607279019919
9,Healthcare,9043,0.05,193,0.29015544041450775,0.9107142857142857,0.07142857142857142,0.7098445595854922,0.7098445595854923,0.9740932642487047,56,51,4,0.8916570083270016,0.7512413016516983,0.8858250603563762
10,RLV,10042,0.05,198,0.2727272727272727,0.8703703703703703,0.018518518518518517,0.7272727272727273,0.7272727272727273,0.9646464646464646,54,47,1,0.901146799865434,0.7685005730915058,0.8930742941951462
10,Healthcare,10043,0.05,194,0.31958762886597936,0.8709677419354839,0.04838709677419355,0.6804123711340206,0.6804123711340206,0.9587628865979382,62,54,3,0.9114894128112089,0.7518612964182426,0.9019437057029702
11,RLV,11042,0.05,199,0.32160804020100503,0.875,0.0,0.678391959798995,0.6783919597989949,0.9597989949748744,64,56,0,0.8948125836297415,0.7370083850800692,0.8856806481944418
11,Healthcare,11043,0.05,197,0.3147208121827411,0.8870967741935484,0.06451612903225806,0.6852791878172588,0.6852791878172588,0.9644670050761421,62,55,4,0.9011435951116403,0.7459810090206968,0.8930295792679842
12,RLV,12042,0.05,196,0.28061224489795916,0.7818181818181819,0.05454545454545454,0.7193877551020408,0.7193877551020409,0.9387755102040817,55,43,3,0.8987158228084046,0.7622613656471964,0.8846323681055703
12,Healthcare,12043,0.05,197,0.27411167512690354,0.8888888888888888,0.037037037037037035,0.7258883248730964,0.7258883248730965,0.9695431472081218,54,48,2,0.9044143845688603,0.7705527358834287,0.8974479014918714
13,RLV,13042,0.05,198,0.30303030303030304,0.85,0.05,0.696969696969697,0.696969696969697,0.9545454545454546,60,51,3,0.895224874869808,0.7473758995285227,0.884873714764098
13,Healthcare,13043,0.05,196,0.30612244897959184,0.9,0.06666666666666667,0.6938775510204082,0.6938775510204082,0.9693877551020408,60,54,4,0.9119977795665627,0.7596878829797651,0.9049366204703443
14,RLV,14042,0.05,199,0.21608040201005024,0.9069767441860465,0.0,0.7839195979899497,0.7839195979899498,0.9798994974874372,43,39,0,0.901338399360766,0.7980381156918652,0.8967745139997141
14,Healthcare,14043,0.05,194,0.26288659793814434,0.9607843137254902,0.0392156862745098,0.7371134020618557,0.7371134020618557,0.9896907216494846,51,49,2,0.8885201375778108,0.7628417063915928,0.8862212305085287
15,RLV,15042,0.05,196,0.32142857142857145,0.8571428571428571,0.06349206349206349,0.6785714285714286,0.6785714285714286,0.9540816326530612,63,54,4,0.8845552690537882,0.7286563577720486,0.8742212475455251
15,Healthcare,15043,0.05,195,0.3487179487179487,0.9117647058823529,0.07352941176470588,0.6512820512820513,0.6512820512820513,0.9692307692307692,68,62,5,0.8867039196432553,0.7155882207292572,0.8798029755499097
16,RLV,16042,0.05,196,0.33163265306122447,0.8461538461538461,0.046153846153846156,0.6683673469387755,0.6683673469387755,0.9489795918367347,65,55,3,0.9040264776245638,0.7390754264905266,0.8922681044905788
16,Healthcare,16043,0.05,196,0.35714285714285715,0.8428571428571429,0.02857142857142857,0.6428571428571429,0.6428571428571428,0.9438775510204082,70,59,2,0.8936953503671469,0.7165503876914487,0.8808833732068945
17,RLV,17042,0.05,199,0.271356783919598,0.9814814814814815,0.037037037037037035,0.7286432160804021,0.728643216080402,0.9949748743718593,54,53,2,0.8939294869815819,0.7630635803899795,0.892804337506043
17,Healthcare,17043,0.05,196,0.27040816326530615,0.8679245283018868,0.07547169811320754,0.7295918367346939,0.7295918367346939,0.9642857142857143,53,46,4,0.9059456749859905,0.7738239000405336,0.8977462283017973
18,RLV,18042,0.05,198,0.2676767676767677,0.8679245283018868,0.03773584905660377,0.7323232323232324,0.7323232323232323,0.9646464646464646,53,46,2,0.8913046010477391,0.7627418123543287,0.883320262150918
18,Healthcare,18043,0.05,198,0.3282828282828283,0.8615384615384616,0.07692307692307693,0.6717171717171717,0.6717171717171717,0.9545454545454546,65,56,5,0.8937100456626049,0.7324700389657345,0.8833764009768713
19,RLV,19042,0.05,199,0.35175879396984927,0.8714285714285714,0.07142857142857142,0.6482412060301508,0.6482412060301508,0.9547738693467337,70,61,5,0.8840096489509155,0.7117464706834653,0.8738404343026343
19,Healthcare,19043,0.05,193,0.2849740932642487,0.8,0.01818181818181818,0.7150259067357513,0.7150259067357513,0.9430051813471503,55,44,1,0.8846265651266895,0.7480331863549261,0.8717430562216041
20,RLV,20042,0.05,200,0.3,0.8833333333333333,0.08333333333333333,0.7,0.7,0.965,60,53,5,0.9002322948938233,0.7531883757326979,0.8922497132999175
20,Healthcare,20043,0.05,195,0.3435897435897436,0.9104477611940298,0.07462686567164178,0.6564102564102564,0.6564102564102564,0.9692307692307692,67,61,5,0.8911580525502208,0.7220086736889788,0.8842224433093617
21,RLV,21042,0.05,199,0.22110552763819097,0.9090909090909091,0.09090909090909091,0.7788944723618091,0.778894472361809,0.9798994974874372,44,40,4,0.8983265194379083,0.7928180543914543,0.8937778845917561
21,Healthcare,21043,0.05,196,0.2755102040816326,0.9444444444444444,0.07407407407407407,0.7244897959183674,0.7244897959183674,0.9846938775510204,54,51,4,0.9079517630353323,0.7728209965400332,0.9044573360695237
22,RLV,22042,0.05,198,0.2474747474747475,0.8979591836734694,0.04081632653061224,0.7525252525252525,0.7525252525252525,0.9747474747474747,49,44,2,0.8955765043436574,0.7768966170017275,0.8898682689810834
22,Healthcare,22043,0.05,198,0.29292929292929293,0.8448275862068966,0.06896551724137931,0.7070707070707071,0.7070707070707071,0.9545454545454546,58,49,4,0.9058387606675072,0.7616971363372688,0.895364876055006
23,RLV,23042,0.05,196,0.33163265306122447,0.8461538461538461,0.046153846153846156,0.6683673469387755,0.6683673469387755,0.9489795918367347,65,55,3,0.8982086999838063,0.7343191758745401,0.8865259967577319
23,Healthcare,23043,0.05,190,0.33157894736842103,0.9047619047619048,0.047619047619047616,0.6684210526315789,0.668421052631579,0.968421052631579,63,57,3,0.8953594434485977,0.7320192105888665,0.8882055325669583
24,RLV,24042,0.05,196,0.23979591836734693,0.8936170212765957,0.0425531914893617,0.7602040816326531,0.7602040816326531,0.9744897959183674,47,42,2,0.897904762276556,0.7828803155972093,0.8921227181429088
24,Healthcare,24043,0.05,196,0.3163265306122449,0.9193548387096774,0.06451612903225806,0.6836734693877551,0.6836734693877551,0.9744897959183674,62,57,4,0.8965543115128873,0.7413118917547546,0.8907809635865038
25,RLV,25042,0.05,197,0.3299492385786802,0.9076923076923077,0.03076923076923077,0.6700507614213198,0.6700507614213198,0.9695431472081218,65,59,2,0.892608499722455,0.7306592227499166,0.8857329544925356
25,Healthcare,25043,0.05,194,0.30927835051546393,0.8166666666666667,0.03333333333333333,0.6907216494845361,0.6907216494845361,0.9432989690721649,60,49,2,0.8930368740264555,0.7421999585437903,0.8800994133181552
26,RLV,26042,0.05,198,0.3383838383838384,0.8656716417910447,0.029850746268656716,0.6616161616161617,0.6616161616161615,0.9545454545454546,67,58,2,0.9039970894433369,0.735309344101622,0.8935444994063537
26,Healthcare,26043,0.05,196,0.24489795918367346,0.8333333333333334,0.020833333333333332,0.7551020408163265,0.7551020408163265,0.9591836734693877,48,40,1,0.907751006608102,0.7888048299766078,0.8983429908487945
27,RLV,27042,0.05,197,0.27918781725888325,0.9090909090909091,0.03636363636363636,0.7208121827411168,0.7208121827411167,0.9746192893401016,55,50,2,0.8924257930944727,0.7576753756799063,0.8867084854415926
27,Healthcare,27043,0.05,195,0.28717948717948716,0.9285714285714286,0.08928571428571429,0.7128205128205128,0.7128205128205128,0.9794871794871794,56,52,5,0.9023534979477871,0.7618453140690411,0.8976900162801071
28,RLV,28042,0.05,198,0.29797979797979796,0.847457627118644,0.1016949152542373,0.702020202020202,0.702020202020202,0.9545454545454546,59,50,6,0.9011577654994649,0.7550498653894578,0.890738005534076
28,Healthcare,28043,0.05,191,0.32460732984293195,0.8225806451612904,0.04838709677419355,0.675392670157068,0.675392670157068,0.9424083769633508,62,51,3,0.9054752554955621,0.7441401853188009,0.8921469005758434
29,RLV,29042,0.05,196,0.2602040816326531,0.8627450980392157,0.09803921568627451,0.7397959183673469,0.7397959183673469,0.9642857142857143,51,44,5,0.898066229704499,0.7724392459290095,0.8899380975519278
29,Healthcare,29043,0.05,195,0.2717948717948718,0.9056603773584906,0.03773584905660377,0.7282051282051282,0.7282051282051283,0.9743589743589743,53,48,2,0.9048751924218921,0.7721746652688573,0.8990180873347444
30,RLV,30042,0.05,198,0.2828282828282828,0.875,0.07142857142857142,0.7171717171717171,0.7171717171717171,0.9646464646464646,56,49,4,0.8928863887177602,0.7561496920649267,0.8848878801097029
30,Healthcare,30043,0.05,196,0.29591836734693877,0.9482758620689655,0.034482758620689655,0.7040816326530612,0.7040816326530612,0.9846938775510204,58,55,2,0.911749823532894,0.7650453775333624,0.9082407790008657
31,RLV,31042,0.05,197,0.29441624365482233,0.7931034482758621,0.06896551724137931,0.7055837563451777,0.7055837563451777,0.9390862944162437,58,46,4,0.8934836356606914,0.7505176149530185,0.8795549524069554
31,Healthcare,31043,0.05,198,0.23232323232323232,0.9130434782608695,0.021739130434782608,0.7676767676767676,0.7676767676767677,0.9797979797979798,46,42,1,0.895887955485973,0.7849516319632012,0.891328581267538
32,RLV,32042,0.05,196,0.2653061224489796,0.9423076923076923,0.0,0.7346938775510204,0.7346938775510203,0.9846938775510204,52,49,0,0.9048796709062501,0.7756111464910714,0.9013970674777861
32,Healthcare,32043,0.05,195,0.36923076923076925,0.8888888888888888,0.013888888888888888,0.6307692307692307,0.6307692307692307,0.958974358974359,72,64,1,0.8941973272630649,0.7101802941557084,0.8848815014693461
33,RLV,33042,0.05,200,0.26,0.8653846153846154,0.019230769230769232,0.74,0.74,0.965,52,45,1,0.9048324944504118,0.7783663429451985,0.8968091217534574
33,Healthcare,33043,0.05,195,0.3333333333333333,0.8923076923076924,0.07692307692307693,0.6666666666666666,0.6666666666666667,0.9641025641025641,65,58,5,0.9038060157990925,0.7379545217218693,0.8955834041614676
34,RLV,34042,0.05,195,0.2923076923076923,0.8596491228070176,0.05263157894736842,0.7076923076923077,0.7076923076923076,0.958974358974359,57,49,3,0.8938160864111114,0.7519178661269069,0.8845042324178598
34,Healthcare,34043,0.05,196,0.2653061224489796,0.8269230769230769,0.038461538461538464,0.7346938775510204,0.7346938775510203,0.9540816326530612,52,43,2,0.9042163917716658,0.7750426215185706,0.8936526746500799
35,RLV,35042,0.05,197,0.34517766497461927,0.8382352941176471,0.029411764705882353,0.6548223350253807,0.6548223350253808,0.9441624365482234,68,57,2,0.8860887005718592,0.7170326646244244,0.8734516668925911
35,Healthcare,35043,0.05,195,0.24102564102564103,0.8936170212765957,0.0425531914893617,0.7589743589743589,0.7589743589743589,0.9743589743589743,47,42,2,0.9052087435703869,0.788610022490299,0.8993494794626969
36,RLV,36042,0.05,195,0.3333333333333333,0.8461538461538461,0.015384615384615385,0.6666666666666666,0.6666666666666667,0.9487179487179487,65,55,1,0.8868820970989294,0.7241361999672874,0.8752863735575076
36,Healthcare,36043,0.05,200,0.24,0.9375,0.020833333333333332,0.76,0.76,0.985,48,45,1,0.9027247918045167,0.7869772282609365,0.8993203636301838
37,RLV,37042,0.05,197,0.27411167512690354,0.9074074074074074,0.037037037037037035,0.7258883248730964,0.7258883248730965,0.9746192893401016,54,49,2,0.8959858058711879,0.7633716643680786,0.8902456910690186
37,Healthcare,37043,0.05,197,0.28426395939086296,0.9642857142857143,0.05357142857142857,0.7157360406091371,0.7157360406091371,0.9898477157360406,56,54,3,0.8981536664079264,0.7598486397365284,0.8958653582210248
38,RLV,38042,0.05,197,0.3350253807106599,0.8181818181818182,0.045454545454545456,0.6649746192893401,0.6649746192893401,0.9390862944162437,66,54,3,0.8899228258712488,0.7256962535179006,0.876049652746299
38,Healthcare,38043,0.05,198,0.2777777777777778,0.8727272727272727,0.03636363636363636,0.7222222222222222,0.7222222222222222,0.9646464646464646,55,48,2,0.8935838561369018,0.7594002532455917,0.8855790995904436
39,RLV,39042,0.05,194,0.27835051546391754,0.9444444444444444,0.05555555555555555,0.7216494845360825,0.7216494845360825,0.9845360824742269,54,51,3,0.8919571175067089,0.7577171694613426,0.8884886508456886
39,Healthcare,39043,0.05,198,0.30808080808080807,0.8524590163934426,0.03278688524590164,0.6919191919191919,0.6919191919191919,0.9545454545454546,61,52,2,0.9072645243761747,0.754677875141759,0.8967741541757105
40,RLV,40042,0.05,194,0.28865979381443296,0.8928571428571429,0.07142857142857142,0.711340206185567,0.711340206185567,0.9690721649484536,56,50,4,0.8835527036540407,0.7451970695505407,0.8766404176233238
40,Healthcare,40043,0.05,197,0.2436548223350254,0.8541666666666666,0.020833333333333332,0.7563451776649747,0.7563451776649746,0.9644670050761421,48,41,1,0.8868419128008799,0.7712696308594236,0.8788566711919739
41,RLV,41042,0.05,196,0.22448979591836735,0.8636363636363636,0.0,0.7755102040816326,0.7755102040816326,0.9693877551020408,44,38,0,0.9038810164315959,0.7959852563869659,0.8968827015189123
41,Healthcare,41043,0.05,196,0.3520408163265306,0.8405797101449275,0.08695652173913043,0.6479591836734694,0.6479591836734694,0.9438775510204082,69,58,6,0.8973644384009328,0.7223416879869113,0.8844998613563144
42,RLV,42042,0.05,195,0.3384615384615385,0.8939393939393939,0.06060606060606061,0.6615384615384615,0.6615384615384615,0.9641025641025641,66,59,4,0.9008518467661284,0.7327079819445712,0.892656111454004
42,Healthcare,42043,0.05,196,0.2653061224489796,0.9615384615384616,0.019230769230769232,0.7346938775510204,0.7346938775510203,0.9897959183673469,52,50,1,0.9006093816243564,0.7719508985351626,0.8983030646622132
43,RLV,43042,0.05,195,0.3128205128205128,0.8852459016393442,0.03278688524590164,0.6871794871794872,0.6871794871794872,0.9641025641025641,61,54,2,0.8914203170639075,0.7389543698634579,0.8833103875602579
43,Healthcare,43043,0.05,190,0.28421052631578947,0.8518518518518519,0.018518518518518517,0.7157894736842105,0.7157894736842105,0.9578947368421052,54,46,1,0.9007793653688688,0.7620984576884459,0.8911439761815506
44,RLV,44042,0.05,196,0.32653061224489793,0.890625,0.078125,0.673469387755102,0.6734693877551021,0.9642857142857143,64,57,5,0.8919161013854742,0.7319525599806886,0.883843632227545
44,Healthcare,44043,0.05,195,0.3128205128205128,0.9344262295081968,0.06557377049180328,0.6871794871794872,0.6871794871794872,0.9794871794871794,61,57,4,0.9076273266806957,0.7523893795322876,0.9029365891718512
45,RLV,45042,0.05,200,0.21,0.9285714285714286,0.023809523809523808,0.79,0.79,0.985,42,39,1,0.9101970137458557,0.8090008016233236,0.9067644057285263
45,Healthcare,45043,0.05,195,0.28717948717948716,0.9107142857142857,0.03571428571428571,0.7128205128205128,0.7128205128205128,0.9743589743589743,56,51,2,0.8969321190666759,0.757268114439671,0.8911264281587942
46,RLV,46042,0.05,196,0.3469387755102041,0.8676470588235294,0.04411764705882353,0.6530612244897959,0.653061224489796,0.9540816326530612,68,59,3,0.88561590083192,0.7156857245770099,0.8752694882476088
46,Healthcare,46043,0.05,198,0.3686868686868687,0.8493150684931506,0.0410958904109589,0.6313131313131313,0.6313131313131313,0.9444444444444444,73,62,3,0.9074688749902053,0.7210313526732882,0.8945937141694348
47,RLV,47042,0.05,195,0.30256410256410254,0.9830508474576272,0.0847457627118644,0.6974358974358974,0.6974358974358974,0.9948717948717949,59,58,5,0.8930963556520288,0.7458482339097775,0.8919491517999427
47,Healthcare,47043,0.05,196,0.32653061224489793,0.859375,0.078125,0.673469387755102,0.6734693877551021,0.9540816326530612,64,55,5,0.9107645251126382,0.7474205529648582,0.9001243079088619
48,RLV,48042,0.05,199,0.22613065326633167,0.8666666666666667,0.08888888888888889,0.7738693467336684,0.7738693467336684,0.9698492462311558,45,39,4,0.904307983974756,0.7955183234992711,0.8974131381319739
48,Healthcare,48043,0.05,196,0.29591836734693877,0.9310344827586207,0.10344827586206896,0.7040816326530612,0.7040816326530612,0.9795918367346939,58,54,6,0.9054388150581727,0.7597498373132933,0.9007834484164546
49,RLV,49042,0.05,196,0.40816326530612246,0.9,0.0375,0.5918367346938775,0.5918367346938775,0.9591836734693877,80,72,3,0.8877932761420615,0.6829875866701248,0.8785921041553059
49,Healthcare,49043,0.05,194,0.27319587628865977,0.8679245283018868,0.09433962264150944,0.7268041237113402,0.7268041237113403,0.9639175257731959,53,46,5,0.9024077267947535,0.7693279248612024,0.8941549279559691
