k,domain,eval_seed,A_triad,CKA_genesis_repair,CKA_genesis_context,CKA_repair_context,TS_mean,SR_mean,SR_zero_events,Rel_mean,Rel_event_sd,baseline_balanced_accuracy,baseline_f1
0,RLV,42,0.7144166899678185,0.8736148949641124,0.6275289360354611,0.6421062389038821,0.9170841307457028,0.8700833333333334,2,0.8569376806519193,0.10518894020439848,0.5925843198570471,0.7518072289156627
0,Healthcare,43,0.7392001369700875,0.8941234698878537,0.6507834934469154,0.6726934475754929,0.9171212450434396,0.8492500000000001,3,0.8555127216120547,0.12178499254853505,0.6003303964757709,0.6830601092896175
1,RLV,1042,0.7412435799579796,0.8914528470934514,0.6619914623039893,0.6702864304764979,0.918095218027186,0.9018333333333334,1,0.8783331471887701,0.07916314050870928,0.5353468547912992,0.6735751295336787
1,Healthcare,1043,0.6806859854912863,0.8781662660431829,0.5621787028624112,0.6017129875682651,0.9158301956560778,0.8192500000000001,5,0.8235076099970752,0.14417713647734914,0.5714352370287421,0.743142144638404
2,RLV,2042,0.6677176342494701,0.8588726041003895,0.564459395280794,0.579820903367227,0.916625930408407,0.8529166666666668,2,0.8367756902501651,0.10712844316215793,0.5900780379041248,0.6739130434782609
2,Healthcare,2043,0.7224003054728878,0.8871919827563619,0.6318840770392561,0.6481248566230454,0.913710103868692,0.8021666666666667,7,0.8236717938304285,0.16885298766877774,0.6121794871794872,0.7525773195876289
3,RLV,3042,0.6458265995879854,0.8397992300902437,0.5220263490244343,0.5756542196492781,0.9103135483260726,0.8210833333333334,5,0.811424216079084,0.14363610425165277,0.5833333333333333,0.7524752475247525
3,Healthcare,3043,0.7435859585140662,0.8979932037224075,0.653470357182385,0.679294314637406,0.9184286916086054,0.865,3,0.8616717590101461,0.12137568842242162,0.5527310924369748,0.75
4,RLV,4042,0.6932204227206004,0.8626178793556503,0.5990400599444363,0.6180033288617144,0.9147342869479018,0.82875,6,0.8270568301563159,0.15485774849372286,0.5519934828445467,0.6846361185983828
4,Healthcare,4043,0.6803699327278911,0.8561242984147678,0.5717169127436044,0.6132685870253014,0.9151203455193602,0.7720833333333335,6,0.8060274511362066,0.15688156282761268,0.541407867494824,0.6666666666666666
5,RLV,5042,0.6764989966454119,0.8567877002929081,0.5823502832744495,0.5903590063688782,0.9165133452000631,0.8386666666666668,1,0.8398620159782243,0.08690679447131894,0.6168253968253968,0.7602040816326531
5,Healthcare,5043,0.7678999441755714,0.8931878440075123,0.6880010427692358,0.7225109457499662,0.9178301005459173,0.8604166666666667,2,0.8713703981497877,0.10300686563472049,0.5583670715249662,0.6892950391644909
6,RLV,6042,0.6921981286635086,0.8664947203934644,0.6030943650151069,0.6070053005819546,0.9171308747201491,0.8384166666666667,5,0.8313873072031052,0.147819691234303,0.4491452991452991,0.6512820512820513
6,Healthcare,6043,0.6870027809343874,0.8544375232975391,0.57639821736188,0.630172602143743,0.9158143968947599,0.8240000000000001,7,0.8205493141463094,0.1653502033934577,0.5181760204081632,0.5621301775147929
7,RLV,7042,0.6830975712575551,0.8706196469225347,0.5776252299494635,0.6010478369006671,0.9153402159425167,0.8413333333333334,3,0.8363334801991662,0.1185600587241847,0.4990390775144138,0.679144385026738
7,Healthcare,7043,0.6783008945044697,0.8608888953738382,0.5634343892542933,0.6105793988852777,0.916691572859055,0.8220000000000001,3,0.8292126962682687,0.12083391694129507,0.5419158741053044,0.6972972972972973
8,RLV,8042,0.7372452840977987,0.8814405167598905,0.6606699361911218,0.6696253993423834,0.9131576728236407,0.8521666666666667,3,0.8550695450386524,0.12043083061850621,0.5738417519533399,0.6860158311345647
8,Healthcare,8043,0.6794390847378887,0.8649232138286465,0.559039853483206,0.614354186901814,0.9158305272876064,0.8006666666666666,4,0.8205299451235425,0.1341242483114208,0.527619724988146,0.689119170984456
9,RLV,9042,0.7571886741747108,0.8935673340196923,0.691678394789318,0.6863202937151218,0.9161959507475704,0.8620833333333334,3,0.8644110418806844,0.12095646503386366,0.6561965811965812,0.7692307692307693
9,Healthcare,9043,0.6932290002783766,0.8622611775118054,0.5928296203006794,0.6245962030226455,0.9118314915648582,0.7818333333333333,7,0.8092498258384299,0.1662699585259398,0.5278762487914921,0.6914893617021277
10,RLV,10042,0.7186093858929795,0.8857842146915138,0.6261801494625493,0.6438637935248753,0.9176758311444894,0.8494166666666668,2,0.8516706667731132,0.1089467428441632,0.5696182396606575,0.6981627296587927
10,Healthcare,10043,0.7546838157166785,0.8853649467038639,0.6898472959772503,0.6888392044689216,0.9146216507621303,0.7995833333333333,6,0.8360408615971019,0.15895177519885131,0.6018518518518519,0.7253333333333334
11,RLV,11042,0.700410744677192,0.865408680703824,0.6040749160328596,0.6317486372948922,0.9153254373669494,0.8581666666666666,1,0.852155916087565,0.0865169794392176,0.557185941306113,0.7161125319693095
11,Healthcare,11043,0.7200685988201235,0.8726948751546598,0.6321531213422633,0.6553577999634475,0.9158031412111199,0.8324166666666667,3,0.8451039350018681,0.12018496125321944,0.5065217391304349,0.6361185983827493
12,RLV,12042,0.7122402539293774,0.86607773467773,0.6184430333626373,0.652199993747765,0.9159315873665272,0.8615,4,0.8482012798023678,0.13209198997956406,0.48176328502415455,0.6243093922651933
12,Healthcare,12043,0.7311697996477284,0.8771742126294417,0.654317616093077,0.6620175702206667,0.9150642731546335,0.8139166666666665,3,0.8423781595003651,0.12374993317022324,0.5101809954751131,0.6371191135734072
13,RLV,13042,0.7026827784399702,0.8677288687641189,0.6148445646375904,0.6254749019182014,0.9140485297475371,0.86675,2,0.8533584761154485,0.0990336945740477,0.508061709778448,0.6974358974358974
13,Healthcare,13043,0.7529181807388472,0.897112438173221,0.6781770468740529,0.6834650571692679,0.9188134408414962,0.8682500000000001,4,0.863637271623177,0.1316804019625619,0.6321123321123321,0.6684931506849315
14,RLV,14042,0.7184030990580882,0.8860476696449988,0.6240763048027684,0.6450853227264973,0.9187202669587206,0.8967500000000002,1,0.8698612183268222,0.08029854384837527,0.6245791245791246,0.6904109589041096
14,Healthcare,14043,0.6808759967282648,0.8737817121312542,0.5775478244293533,0.5912984536241871,0.9153792777160706,0.8293333333333334,6,0.8230256609528124,0.15535927573619876,0.6188063063063063,0.723404255319149
15,RLV,15042,0.6705401865107454,0.8497394325265325,0.5666433797207614,0.5952377472849422,0.9130090540936507,0.8399166666666668,4,0.8268760356215213,0.13568690783626194,0.592985842985843,0.7557840616966581
15,Healthcare,15043,0.6769890540080431,0.8615519054273107,0.5691993204626441,0.6002159361341742,0.9131305358996005,0.8184999999999999,5,0.8214536844414243,0.14393456020862308,0.4916048237476809,0.6876640419947506
16,RLV,16042,0.7308859907425402,0.8789567320921651,0.6586239743191867,0.6550772658162689,0.913850101573854,0.8469999999999999,4,0.8497098926739993,0.13183921334415288,0.6011935651271406,0.7304785894206549
16,Healthcare,16043,0.6978139559074021,0.8672284916557212,0.6090853560235531,0.6171280200429323,0.9141518508142887,0.8030833333333334,4,0.826186145798016,0.13506421537426894,0.5527972027972028,0.6898395721925134
17,RLV,17042,0.6974624964439519,0.863750911288639,0.6093694818951442,0.6192670961480726,0.9155713458383358,0.8875833333333333,1,0.8598046558764659,0.08278282294454703,0.5813218390804598,0.7448979591836735
17,Healthcare,17043,0.7354247435479393,0.9044354787506957,0.6379037041521471,0.6639350477409752,0.9159470879865503,0.8140000000000001,4,0.8400393709470216,0.13790320494490937,0.5535714285714286,0.6575342465753424
18,RLV,18042,0.6882005991727983,0.8704110210807916,0.5870960251114001,0.6070947513262035,0.9170426772352179,0.8385833333333332,2,0.8392182588252087,0.1081828630802933,0.5729249011857708,0.7699757869249395
18,Healthcare,18043,0.6974490479247392,0.8771491025076646,0.6009093064869891,0.6142887347795637,0.9146902981370946,0.7939166666666668,2,0.8269925791784672,0.11656866414653587,0.6200347567030784,0.712707182320442
19,RLV,19042,0.6682839797798626,0.8476717353534534,0.5641675241727964,0.5930126798133378,0.913833282116172,0.8421666666666667,1,0.8380810704364788,0.08409082406841069,0.5289525691699605,0.7218045112781954
19,Healthcare,19043,0.6693646899458895,0.8621914889656479,0.5533220498881034,0.5925805309839173,0.9149073342067896,0.80875,7,0.8118702698141189,0.1625894592652632,0.5941148552444233,0.732620320855615
20,RLV,20042,0.7153737616677912,0.8800400342335688,0.6255528510213587,0.6405283997484461,0.9180901920059164,0.8970833333333332,0,0.8714761572099152,0.05709773416637755,0.5155728587319244,0.681704260651629
20,Healthcare,20043,0.6896534532711875,0.865932147301299,0.5827495026181636,0.6202787098940998,0.9145090926118982,0.8080833333333334,5,0.8227813453019643,0.14480000741431412,0.6095001380834024,0.7039106145251397
21,RLV,21042,0.7110220007281068,0.8798247260918096,0.6230079524035765,0.6302333236889346,0.9159121992860034,0.8792500000000001,1,0.8612653715102782,0.0857709053645747,0.6077068430287489,0.7291139240506329
21,Healthcare,21043,0.7419399397634866,0.8852993313155118,0.6697973034794188,0.6707231844955291,0.9159723301685445,0.83375,4,0.8480563208365345,0.13713378372532226,0.5707575757575758,0.6916890080428955
22,RLV,22042,0.7022094094063136,0.8843013893046171,0.6093749385691855,0.6129519003451382,0.9161026098136398,0.8680833333333333,2,0.8531853423284153,0.10263775788264978,0.5488534396809571,0.736318407960199
22,Healthcare,22043,0.7330806722074202,0.8874760856284453,0.6480434087205876,0.6637225222732278,0.9184422018575481,0.8543333333333334,2,0.8574671217806551,0.10918599995565655,0.5486739801895836,0.6997389033942559
23,RLV,23042,0.7089710436016365,0.8884892168364853,0.6128728932816033,0.6255510206868208,0.9180800103163324,0.8635833333333334,4,0.8470960947857907,0.13521632374574558,0.6,0.6719160104986877
23,Healthcare,23043,0.7034257380017835,0.8733634876616728,0.6116791877988026,0.6252345385448753,0.9136322457919264,0.7825,10,0.804372189207971,0.19272788531785054,0.4894053315105946,0.6460674157303371
24,RLV,24042,0.7088623717149,0.874157949435111,0.6215441416267034,0.6308850240828855,0.9169785492133248,0.86275,4,0.8486039838948224,0.13002625818405555,0.6023001725129384,0.7098445595854922
24,Healthcare,24043,0.7070927124928225,0.8744533114076954,0.5976969338655189,0.6491278922052534,0.9137556016060063,0.8154166666666667,4,0.8321189968390766,0.13581168524696857,0.5106422018348624,0.6519337016574586
25,RLV,25042,0.6954172712962468,0.8634100203928927,0.6059902148318892,0.6168515786639581,0.9128482756691016,0.8486666666666668,3,0.8417653649880564,0.11856967088416229,0.6419118451274199,0.7243243243243244
25,Healthcare,25043,0.6944081198436437,0.8705213909439843,0.594509264020423,0.618193704566524,0.9159310370184574,0.8080833333333334,6,0.8214229006558256,0.1556499228431752,0.5173241852487136,0.6790450928381963
26,RLV,26042,0.7307918127821796,0.8797171357440554,0.6555102238105872,0.6571480787918964,0.9138490308281962,0.83375,2,0.850913985427587,0.10716055902078306,0.6379227053140097,0.7769423558897243
26,Healthcare,26043,0.7410188190511695,0.9003741229088731,0.6500132515114985,0.6726690827331372,0.9163000687722428,0.8534999999999999,4,0.8545903025501085,0.13350222336525994,0.5560975609756098,0.7121212121212122
27,RLV,27042,0.6902603094947185,0.8569930554241068,0.6028178318708639,0.610970041189185,0.9189154502980895,0.8715833333333333,3,0.8484478269144771,0.11613835770738307,0.5653061224489796,0.690176322418136
27,Healthcare,27043,0.7234844335042228,0.8794387380969243,0.6349424849182125,0.6560720774975317,0.9163842863544276,0.8138333333333333,5,0.8345332839438426,0.1470347844543264,0.5087121212121212,0.6666666666666666
28,RLV,28042,0.7174055564650116,0.884653985388233,0.6372363807505336,0.630326303256268,0.9192604633290721,0.8738333333333332,2,0.859679991326181,0.10368576284434988,0.7020189431704885,0.7229551451187335
28,Healthcare,28043,0.7341035353434479,0.8923816194110422,0.638411857387334,0.6715171292319672,0.9156911792368408,0.8078333333333333,9,0.824020580886655,0.1863440713062937,0.6011627906976744,0.7743589743589744
29,RLV,29042,0.7110510778141698,0.8760381969930169,0.619721621646602,0.6373934148028905,0.9148137087586936,0.8365,4,0.8378254570103146,0.1395012562595302,0.5600348324966704,0.6481994459833795
29,Healthcare,29043,0.7326780486904915,0.8895430296745731,0.6505141457369044,0.6579769706599969,0.9150430943810709,0.8381666666666667,5,0.8446427165315059,0.14537329179737513,0.5229471084585305,0.6737967914438503
30,RLV,30042,0.6934183423842629,0.8566340911372273,0.6080235708002623,0.6155973652152992,0.9166203288108369,0.8769166666666668,2,0.8531416933246735,0.10120679092732837,0.6259076763485477,0.7028423772609819
30,Healthcare,30043,0.7509561774534266,0.8986686138001256,0.6708916474466771,0.683308271113477,0.9202125618060542,0.82975,4,0.851362429352126,0.1349470662338242,0.5864298027197855,0.7018469656992085
31,RLV,31042,0.6947456695145702,0.8722091826950251,0.601571741309782,0.6104560845389034,0.91731936652378,0.8590000000000001,3,0.845704168998533,0.11729221168825106,0.6068722943722944,0.7120418848167539
31,Healthcare,31043,0.702855790799565,0.8849148582696945,0.6045883323707306,0.6190641817582696,0.9165339660138639,0.8704166666666667,2,0.854709651936149,0.1004186190050816,0.5989439853076217,0.7135678391959799
32,RLV,32042,0.73090893127537,0.8825832982835913,0.6578267826069972,0.6523167129355214,0.917276055747328,0.8850833333333332,4,0.8615278379450771,0.12914847679963468,0.5295918367346939,0.690176322418136
32,Healthcare,32043,0.6976093418454239,0.8806664605141331,0.591348760391587,0.6208128046305514,0.9164761806081853,0.7995,5,0.821986433837008,0.14825066618852234,0.5192591948526215,0.6684782608695652
33,RLV,33042,0.7327641442575746,0.8807316233712569,0.6550885680933197,0.6624722413081473,0.9147629035620011,0.8693333333333334,0,0.8676177011389773,0.06456532282735628,0.5416250416250417,0.631578947368421
33,Healthcare,33043,0.7291388432048912,0.8907120543297269,0.6342144134525013,0.6624900618324453,0.9151466113111532,0.8271666666666667,5,0.8398182567540953,0.14672406296404755,0.6059568285595682,0.7292225201072386
34,RLV,34042,0.6968267984367406,0.8600835657422748,0.6061490797218939,0.6242477498460531,0.9159416798770689,0.8440000000000001,5,0.8351147387958449,0.14527312141128862,0.5594990703270262,0.6629526462395543
34,Healthcare,34043,0.7306760140764057,0.8927559150820557,0.6434336731443042,0.6558384540028571,0.9148810917278652,0.8255833333333333,4,0.8415708233134472,0.1379771689621112,0.5800659937888198,0.7352185089974294
35,RLV,35042,0.6741389231495644,0.8653199302019445,0.570363098324775,0.5867337409219731,0.9144487926568349,0.8175833333333332,3,0.8255459904025608,0.12266371324202303,0.5857051340715658,0.76
35,Healthcare,35043,0.7337387490673649,0.892613158768129,0.650306629548028,0.6582964588859378,0.915068290033519,0.8064166666666667,5,0.8349625768363973,0.14814040711908535,0.640287132222616,0.7331536388140162
36,RLV,36042,0.6748350353038632,0.8594737567468644,0.5743889510039134,0.5906423981608118,0.9167816900453625,0.8291666666666667,5,0.8244582715350743,0.14429465382123347,0.5906609765780071,0.6914893617021277
36,Healthcare,36043,0.7247378415120348,0.8864892873227702,0.6360775166515555,0.6516467205617786,0.9163060223591057,0.8676666666666667,0,0.8648841691416598,0.06719349951150316,0.46474358974358976,0.7209876543209877
37,RLV,37042,0.7043799732376393,0.8760119277259906,0.611326056562423,0.6258019354245047,0.9149503317125652,0.84625,3,0.8437507156758537,0.12049622880465236,0.48822539949537425,0.6921119592875318
37,Healthcare,37043,0.7094273366638011,0.8815245055838636,0.6067164066482887,0.640041097759251,0.9172646759634295,0.8290833333333333,3,0.8406375822998693,0.1228943774529936,0.5147481325416586,0.6958762886597938
38,RLV,38042,0.687566250712257,0.8658750921160677,0.5794417049046562,0.617381955116047,0.9122100105712052,0.8583333333333333,3,0.8408910538872786,0.12102703470699545,0.48325596816976124,0.690537084398977
38,Healthcare,38043,0.6945310330732871,0.883272588955398,0.5951377890416689,0.6051827212227946,0.9180146258327854,0.8500833333333334,2,0.8450585553451101,0.10705334891066473,0.5755434782608696,0.732824427480916
39,RLV,39042,0.6906429811514574,0.8586120738434139,0.6003012495933988,0.6130156200175596,0.9164785375202633,0.82075,6,0.8223985393343329,0.1595792975374882,0.4844842046407604,0.5680473372781065
39,Healthcare,39043,0.7390243966861479,0.8975006384721351,0.6561526384240647,0.6634199131622438,0.9168049354731054,0.8315833333333333,2,0.8523071723349002,0.11086591219858269,0.5594055090655509,0.6456692913385826
40,RLV,40042,0.6664902147628137,0.8540284779684129,0.5581181696820915,0.5873239966379367,0.914399674955792,0.8255,6,0.8169008468763789,0.15635157706987834,0.5435779816513762,0.6937669376693767
40,Healthcare,40043,0.6758497378209141,0.8597530418572493,0.5673474851287437,0.6004486864767492,0.9152393633993987,0.8259166666666666,3,0.82948548293809,0.11981476448465951,0.5300709219858155,0.7095115681233933
41,RLV,41042,0.7260325828889208,0.889820929838539,0.6425995279782738,0.64567729084995,0.9193670821947202,0.8701666666666666,4,0.8558556267710835,0.13139663053962955,0.5625084930017665,0.7253333333333334
41,Healthcare,41043,0.7068630206528584,0.8777088478665892,0.6084978633448993,0.6343823507470869,0.9173607559491928,0.80975,4,0.8306552718882139,0.13761380119463976,0.5935074100211715,0.7131367292225201
42,RLV,42042,0.7170820033427953,0.8833861383176355,0.6289175053428645,0.6389423663678855,0.9184270570873231,0.8473333333333334,5,0.8422252437851295,0.14724474922156267,0.5993414387031408,0.7518427518427518
42,Healthcare,42043,0.7177431186125469,0.8896997257506505,0.6221359764010248,0.6413936536859652,0.916593618681467,0.8093333333333333,4,0.83339351668316,0.1383123896745499,0.4506879674946902,0.6072423398328691
43,RLV,43042,0.6912943972032259,0.8625002479538241,0.5993901236552991,0.6119928200005544,0.9134127633355165,0.841,5,0.831031449382857,0.1472080941415134,0.6007751937984496,0.76
43,Healthcare,43043,0.719020244678939,0.8696336813277766,0.6301198493767297,0.6573072033323109,0.9156565312408285,0.7805000000000001,10,0.8083025079960151,0.19379473372418426,0.635836828059474,0.7486910994764397
44,RLV,44042,0.6925327821944666,0.8627518700358796,0.6033963362798251,0.6114501402676951,0.9138095243230862,0.8605833333333334,4,0.8407581559074343,0.13307614890505975,0.5576923076923077,0.6595174262734584
44,Healthcare,44043,0.7426443043443246,0.8925866928226862,0.6620090711971839,0.6733371490131036,0.9137963050990341,0.8221666666666667,5,0.8416457454435721,0.14866899982769183,0.5255040416240825,0.6263736263736264
45,RLV,45042,0.7480069625181827,0.8847811827894705,0.6790276665167151,0.6802120382483625,0.9175631948029807,0.9090833333333334,0,0.8851568930233304,0.05144730615070182,0.5384810126582278,0.6929133858267716
45,Healthcare,45043,0.7072093762857321,0.8733014927358183,0.6120625369297004,0.6362640991916776,0.9151458094909424,0.8223333333333334,5,0.8329195698981263,0.1441184434713283,0.6030092592592593,0.6836158192090396
46,RLV,46042,0.6732816944057877,0.8457189132295533,0.576805319204359,0.5973208507834504,0.9136604277151942,0.8221666666666667,4,0.8241110414712174,0.13264873240325029,0.6108630952380952,0.6972972972972973
46,Healthcare,46043,0.7388496457762755,0.894958384646613,0.6520469030930099,0.6695436495892036,0.9178482483884914,0.8203333333333334,2,0.8479196243048679,0.11550309832139656,0.6450892857142857,0.7219251336898396
47,RLV,47042,0.6935271212236245,0.8705408452766826,0.5914362470445087,0.6186042713496823,0.9173389193586969,0.83825,5,0.8324285077004353,0.14621290750479002,0.5839626599538494,0.6951871657754011
47,Healthcare,47043,0.7505076611164031,0.899064256750156,0.6621358252546214,0.6903229013444316,0.9167887914135688,0.831,4,0.849307668353553,0.13877120998709416,0.6158466819221968,0.7461928934010152
48,RLV,48042,0.7291887543993013,0.8933113403943486,0.6473682327880712,0.6468866900154842,0.9171185935200395,0.8863333333333333,1,0.8696172602606318,0.08328088721304508,0.5818858560794045,0.7346938775510204
48,Healthcare,48043,0.7336944597999994,0.8985736733334587,0.6425467541474017,0.6599629519191379,0.9160542485180793,0.8651666666666668,4,0.8561839859736117,0.1315734983656407,0.5846312414109024,0.7208121827411168
49,RLV,49042,0.680126535370689,0.8498221346031717,0.5825139017276373,0.6080435697812583,0.9133930161810417,0.8161666666666667,4,0.824711176886168,0.1327037916301276,0.5503642832937987,0.6875
49,Healthcare,49043,0.7226441643949499,0.891491672825269,0.6278338179245111,0.6486070024350694,0.9176703949609671,0.8426666666666666,6,0.839962392551584,0.15704672463821098,0.48000000000000004,0.672
