domain,Xi_before,Xi_repair_true,Xi_repair_declared,cost,ctx_gap,clipped
RLV,0.02635840553693985,0.008385923134486464,0.041926297694003675,0.03354037455951721,0.03838342901066133,True
RLV,0.027859583636641205,0.008901431900040935,0.011940453795296572,0.0030390218952556364,0.00841721152916736,True
RLV,0.0421030127357258,0.013431639941563876,0.03186967012381724,0.01843803018225336,0.03838342901066133,False
RLV,0.06029146137352401,0.015585773880243915,0.04317837220271514,0.027592598322471226,0.03838342901066133,True
RLV,0.03850324022745752,0.011314725258397444,0.014356973570131307,0.0030422483117338635,0.00841721152916736,False
RLV,0.021103721375405612,0.007302023194058061,0.00819406620255138,0.0008920430084933192,0.00841721152916736,False
RLV,0.03796055930273544,0.009650904745300741,0.016170377983236454,0.006519473237935712,0.017566067571441267,False
RLV,0.030919743555314468,0.008870712880401067,0.011509068589726638,0.0026383557093255707,0.00841721152916736,False
RLV,0.024089307843308354,0.008335186199355749,0.0111484601719458,0.0028132739725900517,0.00841721152916736,True
RLV,0.05510441260202367,0.016034753154809425,0.04041804880976798,0.024383295654958555,0.03838342901066133,True
RLV,0.03455838519855788,0.01024947122624566,0.03474467892722907,0.02449520770098341,0.051569522396934464,True
RLV,0.04793497929654342,0.013966233597420078,0.016870798859858156,0.002904565262438078,0.00841721152916736,False
RLV,0.023524407890610693,0.0069847545020356545,0.008330278248530231,0.0013455237464945766,0.00841721152916736,False
RLV,0.023354363529750847,0.007706223551658658,0.008897369249715311,0.0011911456980566535,0.00841721152916736,False
RLV,0.02230399673314192,0.006617580672922147,0.008131172105839978,0.0015135914329178308,0.00841721152916736,False
RLV,0.03144325798817466,0.010734399305897155,0.01545746025863757,0.0047230609527404155,0.00841721152916736,True
RLV,0.04261535388013112,0.01360538985604172,0.0186235416146998,0.0050181517586580775,0.00841721152916736,False
RLV,0.03068272343170628,0.010494798596090819,0.014547651675268952,0.004052853079178133,0.00841721152916736,True
RLV,0.04980953538402131,0.01436066059993902,0.03484049576630212,0.0204798351663631,0.03838342901066133,True
RLV,0.04736904868634387,0.014871078999777817,0.015054785566719816,0.00018370656694199905,0.00841721152916736,False
RLV,0.03701658900544142,0.01285350755074209,0.01326857775850385,0.00041507020776176094,0.00841721152916736,False
RLV,0.0808212398823636,0.023872430049364634,0.0671961310958979,0.04332370104653327,0.03838342901066133,True
RLV,0.03133690643272824,0.009612474970505517,0.012960744058328887,0.0033482690878233693,0.00841721152916736,False
RLV,0.07356133841818903,0.018306179822856095,0.042539214289666095,0.02423303446681,0.051569522396934464,False
RLV,0.04577738750630608,0.016055762548930708,0.052797853281906656,0.03674209073297595,0.03838342901066133,True
RLV,0.05408606757839734,0.01484396790214629,0.03700462874869389,0.0221606608465476,0.051569522396934464,False
RLV,0.02746085217840505,0.009575809931695444,0.012372564880636108,0.002796754948940664,0.00841721152916736,False
RLV,0.028833589597489023,0.009954978271208281,0.011063456635734532,0.0011084783645262507,0.00841721152916736,False
RLV,0.04657696190199219,0.011881226324226783,0.013664121099329594,0.001782894775102812,0.00841721152916736,False
RLV,0.034863610382418586,0.01130452806668716,0.015209396342672751,0.003904868275985591,0.00841721152916736,False
RLV,0.0434806347983309,0.012156748707286603,0.030218343234925435,0.018061594527638832,0.03838342901066133,True
Healthcare,0.043966481885798894,0.012382990029584972,0.033543660387693505,0.021160670358108535,0.029513298099361217,True
Healthcare,0.030994463147630366,0.010314155841111419,0.029551458006946345,0.019237302165834927,0.05108577054265902,False
Healthcare,0.03177530464095691,0.009490301058786461,0.031034125201576675,0.021543824142790213,0.029513298099361217,True
Healthcare,0.03707657238187813,0.012869479234420373,0.032287498113125396,0.01941801887870502,0.029513298099361217,True
Healthcare,0.04538980320613914,0.014071908798874969,0.03507796317482993,0.021006054375954965,0.029513298099361217,True
Healthcare,0.03975863200315172,0.011449599623075079,0.048225815922389066,0.03677621629931399,0.029513298099361217,True
Healthcare,0.05162358349001045,0.014826974282889569,0.035975422491035754,0.021148448208146185,0.029513298099361217,True
Healthcare,0.054579985582264706,0.015487626524614596,0.05065036198043256,0.03516273545581797,0.029513298099361217,True
Healthcare,0.06375830416245921,0.016156901069545083,0.039190382629633244,0.02303348156008816,0.029513298099361217,True
Healthcare,0.030394016567533166,0.0090563922299321,0.029941505716680247,0.020885113486748146,0.029513298099361217,True
Healthcare,0.06033392670410993,0.01622888752749607,0.0426735626277451,0.02644467510024903,0.029513298099361217,True
Healthcare,0.02201523756828908,0.007339126948788166,0.04862722641232299,0.04128809946353482,0.029513298099361217,True
Healthcare,0.03518203775805877,0.010267633941408031,0.04261919293463905,0.032351558993231014,0.029513298099361217,True
Healthcare,0.036133353352860866,0.010479985246964411,0.03757735737446768,0.027097372127503266,0.029513298099361217,True
Healthcare,0.023464590157711143,0.007508427795527115,0.028316083612060443,0.02080765581653333,0.029513298099361217,True
Healthcare,0.06050178010731686,0.016580515930980637,0.04017430721609847,0.023593791285117835,0.029513298099361217,True
Healthcare,0.061620017110061036,0.01979910435149728,0.06622172242442566,0.04642261807292838,0.029513298099361217,True
Healthcare,0.10819795284732138,0.024963713329251926,0.06338994106859215,0.03842622773934022,0.029513298099361217,True
Healthcare,0.08044616299172741,0.024213107604350758,0.06389068384660687,0.03967757624225611,0.029513298099361217,True
Healthcare,0.06880842577057084,0.01735307574612539,0.04085377605921273,0.023500700313087344,0.029513298099361217,True
Healthcare,0.09247710916684616,0.024836756583493134,0.052276158165170214,0.02743940158167708,0.029513298099361217,True
Healthcare,0.03707657238187813,0.012869479234420373,0.01996643992647688,0.007096960692056507,0.031124092330784496,True
Healthcare,0.09730567026887971,0.030196833536813635,0.06200972094738536,0.03181288741057173,0.029513298099361217,True
Healthcare,0.02815694504429015,0.00955663315756349,0.03277320665930988,0.023216573501746385,0.029513298099361217,True
Healthcare,0.05351853547258222,0.014817602732441908,0.03861431780160176,0.02379671506915985,0.029513298099361217,True
Healthcare,0.056967341121375456,0.018157442160413498,0.05544356442290522,0.03728612226249172,0.029513298099361217,True
Healthcare,0.08295404777192524,0.025212979901319876,0.06039299407489567,0.035180014173575795,0.029513298099361217,True
Healthcare,0.06303895641984274,0.020800009972261425,0.05145227915740749,0.030652269185146068,0.029513298099361217,True
Healthcare,0.03658275307736962,0.012094448003447368,0.03718602225435671,0.02509157425090934,0.029513298099361217,True
Healthcare,0.08419130007312015,0.02263325597089234,0.05202331628670349,0.029390060315811147,0.029513298099361217,True
Healthcare,0.03324925466926433,0.010310870527793491,0.029898454745240017,0.019587584217446524,0.029513298099361217,True
