domain,event_id,context_label,u_0,u_1,u_2,u_3,u_4,u_5,u_6,u_7
RLV,0,dense_day,0.1937384591765218,0.5653408483800743,0.8120508889187701,0.2979838610994853,0.24763472869117037,0.6555277569835395,0.9433350322514737,0.3079236837073459
RLV,1,sparse_day,0.3975198679250364,0.4263465033092295,0.04127604651747174,0.1303303806878222,0.6479729072068123,0.4913425133567927,0.15462049351527324,0.4059073957343279
RLV,2,dense_day,0.40352866417784966,0.49540198235910643,0.7029273083479302,0.14664749108164568,0.3707105501266543,0.7394909507692522,0.8691989936288126,0.28576340086681407
RLV,3,sparse_night,0.7714191507230402,0.2680335011989254,0.1778603867551507,0.7333607337417181,0.8565846227054167,0.42152589813837943,0.1686515193202159,0.8422107690079045
RLV,4,dense_night,0.5771138857664211,0.394202793524079,0.8515900783012085,0.6314867606173846,0.49765164279594526,0.4782165867186846,0.7779453624164602,0.7281281071238435
RLV,5,sparse_night,0.7658139120340911,0.3237348098330222,0.28070609960529513,0.959322335872123,0.7917034478328633,0.46243030674832764,0.1610551990120931,0.6995122131407046
RLV,6,sparse_day,0.4196995852750923,0.24425653945900183,0.13478053904808385,0.5404498014696884,0.6521861125756376,0.5328513256740612,0.25580962514003674,0.06268499764066687
RLV,7,dense_night,0.6185558620975731,0.15178890221848793,0.5962716951785001,0.6491672072246993,0.3375293904573507,0.44751215453043736,0.7789991663785005,0.4870045528429446
RLV,8,sparse_day,0.29223067898153193,0.6941812843929762,0.23268437063290878,0.16433502111562193,0.441980374673011,0.7002969475577204,0.24192207470725158,0.5359122739220887
RLV,9,sparse_night,0.8767551691397483,0.35310547490448635,0.2999598320452532,0.8762445371433534,0.8888017083565203,0.3764287540046652,0.1908949689602527,0.585966664434298
RLV,10,dense_night,0.29267847447069656,0.31084855939723516,0.9212982340421405,0.9204864010585023,0.3596872929951823,0.5786072256877364,0.754269177238155,0.9104429232041297
RLV,11,sparse_day,0.5800610589660321,0.8258609856244858,0.1796336244295546,0.29965507806282565,0.5721276804090918,0.60908559455482,0.2007220016523286,0.3037988879167791
RLV,12,sparse_day,0.5505195753354323,0.42997894888837507,0.25325752512597255,0.30560437672392243,0.4163141691291952,0.6275378058556327,0.28826997109140484,0.29492637420475154
RLV,13,dense_night,0.28542498194430144,0.46686729538608807,0.8338279614445806,0.7122311064847189,0.30852118503668174,0.24689527777093156,0.6854804907716373,0.7651113355950352
RLV,14,dense_day,0.09830588508678301,0.4426951177624628,0.8184311890652376,0.21769767885880287,0.5158049112053356,0.5302074669524538,1.0046133099181902,0.30740455608604417
RLV,15,dense_day,0.253974596407778,0.6259429497528768,0.8487233588058168,0.13483350011064624,0.31205627545025744,0.5938436490476522,0.9235558456569518,0.28308145230666976
RLV,16,dense_night,0.18307637682700809,0.3294122587740382,0.562874011763327,0.8160759083011326,0.5820151188567098,0.25437068128439716,0.7862364891023126,0.612953017359043
RLV,17,sparse_night,0.7189863257427846,0.3484744824882734,0.21785525030029115,1.0203471007676024,0.7756469667589556,0.3451253243547133,-0.028206657495292303,0.9428496275952494
RLV,18,dense_night,0.4212713640338627,0.38494777002168556,0.9268333670703714,0.8471240691892815,0.05595340554607081,0.31190737341947816,0.7302418766947258,0.48974817127276343
RLV,19,sparse_night,0.6456327997899564,0.13676899604528076,-0.021256368262348946,0.5878853464472743,0.8131382431336506,0.435005270604963,0.14839010556902293,0.5287502291194578
RLV,20,dense_day,0.27459546702566257,0.46256674176885676,0.9425839911714303,0.39709455731882926,0.3325027450293421,0.5029552244955122,0.8667909174446936,0.202010987105331
RLV,21,dense_day,0.32387783678784116,0.5039438889150706,0.8845862875708389,0.26971510500186197,0.3448905654746667,0.5594318447338045,0.76863141658078,0.3638555248657726
RLV,22,sparse_day,0.4679837335530833,0.587680549075124,0.41579452411076756,0.39296675683496973,0.516454553810412,0.6268760914048137,0.20023992276981048,0.2838347040872989
RLV,23,dense_night,0.3070587926183926,0.2757264136890364,0.6712354927742269,0.6321233501973953,0.5319029866657375,0.42545555523323636,0.9551932744814485,0.9721173044679106
RLV,24,dense_day,0.2419169379544788,0.47952150846834657,0.851318261623303,0.40547448332410707,0.1703152195886556,0.39276439002814734,0.6054725790718338,0.3039234270303925
RLV,25,dense_day,0.27607411693326495,0.6730417641109306,0.8119255929697071,0.12405768210365495,0.2187515525939995,0.6732286895584744,0.6194194563341634,0.4354789321154421
RLV,26,sparse_night,0.9158204591274399,0.31054411644968727,0.19704131248389078,0.8364604910765076,0.7890151976698151,0.23630138062444234,0.4156983138950293,0.745765882417579
RLV,27,sparse_night,0.7276736764363734,0.16885257106815008,-0.023640549169801878,1.006683193039478,0.8327435021630928,0.345562509673678,0.11291731617645005,0.7792554701067876
RLV,28,sparse_night,0.8595611641208878,0.4093485653482736,0.173829434481782,0.8587260726726091,0.76889488888219,0.3075237963884057,0.16290410160643612,0.8258117762982844
RLV,29,sparse_night,1.0413111334880618,0.3658779448892293,0.23713180337356013,0.6882711814469477,0.6801026130402785,0.3044166598916346,0.1707608567582671,0.5772426119462652
RLV,30,dense_day,0.5763426990267297,0.4844154648365947,0.6119028132245204,0.44822968659723267,0.35160267098524073,0.682592858674927,0.8832350410263238,0.35502709634546026
RLV,31,sparse_day,0.3534286430789647,0.5773696640392788,0.29740828519958024,0.13362395258619117,0.5788360859412803,0.5169876308397224,0.38024351022117564,0.33993484184878764
RLV,32,sparse_day,0.46081928570796415,0.5469707979504371,0.17800429322872882,0.17269500995362622,0.670644393385818,0.54647167458494,0.31762290460061865,0.2837407798772175
RLV,33,dense_night,0.4260928498363914,0.3457010304000853,0.737964279906791,0.6862813398394303,0.4128526036011366,0.45175504921564397,0.9153283483529693,0.699729970659501
RLV,34,dense_day,0.3930747728781765,0.5555269766292539,1.0093787945074957,0.5018860302408118,0.48602824434507497,0.43701548773242394,0.8741613823857906,0.35274193731497144
RLV,35,dense_day,0.33138402425832875,0.7123688293050472,1.0259443383550817,0.20198481848756927,0.344907942790507,0.5608188193201088,0.7316511867380082,0.29331779368200067
RLV,36,sparse_day,0.7544210715174603,0.3708284513104463,0.04646038449033227,0.1261561305806107,0.5924016168346847,0.5561139857224549,0.36789636580353047,0.3645217994910037
RLV,37,sparse_day,0.5443439470378278,0.6558596128999535,0.07869572985724192,0.43054080623070723,0.5206717085031431,0.6601302519146959,0.32791731556917614,0.29617222530459913
RLV,38,dense_day,0.25137298741483516,0.7390451979322649,0.842677917876591,0.31513982357171694,0.30924739692721176,0.44322516084433633,0.6737632683621649,0.3759441988268746
RLV,39,sparse_night,0.9094582875172135,0.2133606552315946,0.17691472793003093,0.6472457085512322,0.7226653082140742,0.21885039631636616,0.25782663361711394,0.8960862946003587
RLV,40,sparse_night,0.6414363114025677,0.24635128897585623,0.1752641604947096,0.990320459715184,0.8266379333211525,0.46604644334315987,0.22688749322435042,0.9952881607357623
RLV,41,dense_night,0.3884939676920835,0.24981786166741976,0.7413601689072253,0.8511647023456487,0.38571657920798497,0.24322352127819077,0.6909303493481537,0.7241020356731116
RLV,42,dense_night,0.49374174462684906,0.47631733011386734,0.7415141289930645,0.705358993715616,0.4910023639172879,0.36581581124129836,0.594779416879395,0.6024431170431783
RLV,43,dense_day,0.23155338145557358,0.3702352269530744,0.7645535000580443,0.36779007375274947,0.43281096982104744,0.38584692671417653,0.7322680759038143,0.2132117176870993
RLV,44,dense_night,0.3017802877107538,0.4797740563554238,0.7108507582051407,0.6787027015487694,0.3547368550253115,0.1199820953881908,0.6141616271907646,0.8153312183344259
RLV,45,dense_night,0.27764985901990685,0.36987345802791816,0.7432865481545678,0.4288943346906866,0.4258609563162108,0.2386011043053167,0.8082826751028618,0.54617785027256
RLV,46,dense_day,0.41314424217486745,0.47183508519189377,0.8620203565592168,0.26590811935670605,0.5810015362083022,0.7878712360174708,0.8555815804257689,0.30767732536426257
RLV,47,sparse_night,0.6895453092500841,0.48818477364765983,0.19616679775022808,0.6411694038318334,0.6151574748981907,0.2865403319867299,0.3373423839811779,0.7775890238234777
RLV,48,dense_night,0.4223263412382626,0.41690910113897794,0.5894947568048527,0.7774020027178072,0.6465454113544933,0.35941401569334935,0.7426001616952151,0.737080282730284
RLV,49,dense_night,0.5428720814641502,0.27166444473850465,0.7347296029217655,0.6794260202214648,0.24511041557012583,0.3183691819810108,0.9103655349452189,0.7284805724552615
RLV,50,dense_day,0.3555443930977944,0.6335694268987323,0.962213051322734,0.4093473606228777,0.3379066500864816,0.7164391275890606,0.8774152818078785,0.3758851431078958
RLV,51,dense_night,0.25412123578336465,0.3104730155104767,0.7551147027694447,0.9137472313097881,0.34085572626107186,0.2927739172360066,0.9358470670155434,0.655025301673809
RLV,52,dense_day,0.25269332674296935,0.6209327817316669,0.7609583890132311,0.13754309765437708,0.3081956764119113,0.5609831727086634,0.6253413397079925,0.1621008851353637
RLV,53,sparse_day,0.33156894015287747,0.5707069537773478,0.16203614922062676,0.17184446483678267,0.6265650304771474,0.6474207771378583,0.23876999095254808,0.21206501536378153
RLV,54,sparse_night,0.8930275024220857,0.33928933142370477,0.11932323539426454,0.7570963869734558,0.6358695321443529,0.203289866565877,0.07535909713179745,0.665123388508468
RLV,55,dense_day,0.33872014709254583,0.28416638612758355,0.8236487212889488,0.281121860058184,0.3307648468612377,0.7199097129492722,0.7041042041789349,0.20104529145544647
RLV,56,sparse_day,0.48000182630275234,0.6428055166843143,0.28962161727611535,0.239410545964828,0.7212076436237913,0.5634827796612248,0.17433732788073028,0.13273045226417723
RLV,57,sparse_day,0.5386947494005023,0.649192270197668,0.24039484479528117,-0.0019882382870146653,0.5057187566078997,0.7445409061927387,0.20950580573649674,0.07995893042764168
RLV,58,sparse_night,0.7194621445843195,0.24268772480001846,0.054079624281003144,0.8411176639033765,0.938956286307866,0.2779064481459403,-0.0025498991894883916,0.6700751813255822
RLV,59,sparse_day,0.7346140981181506,0.5902671412140766,0.14182395205973158,0.18276073206042787,0.6430151491640121,0.4927492394046633,-0.0706210670168852,0.29885557638499316
RLV,60,dense_night,0.2605719734080226,0.38003572071978065,0.7579179962301895,0.6442705816922583,0.2783116968537665,0.19800844763229888,0.7441819319435213,0.6441295864493679
RLV,61,dense_day,0.35231929084008673,0.7180439100257597,0.8508081440921946,0.20776286340462402,0.320373697300726,0.3886916323579923,0.8987364705646528,0.3707820295578327
RLV,62,dense_day,0.5026686634126517,0.46015733519560525,0.8609552526610545,0.4145553352382767,0.44709409860627203,0.5308464798975193,0.815331294297681,0.0913421444974882
RLV,63,dense_day,0.14520352323988664,0.49499100705362115,0.9518219326466204,0.48550757757343777,0.3788085815170496,0.5148755002694216,0.9408542042409334,0.40424432102780194
RLV,64,dense_night,0.3462324719029302,0.3674591656442372,0.7399412974197643,0.5958890875284071,0.4084595474825397,0.27547858942311504,0.6366079397255882,0.505267920368017
RLV,65,dense_night,0.07052633620271465,0.24122312606319418,0.7438984059468862,0.6572066228128832,0.42965230777965047,0.48553787755375033,0.7114157058415287,0.5730814244652562
RLV,66,dense_day,0.45154081556334347,0.4963043634152222,0.7988697315722721,0.30303153973180685,0.41512116158723944,0.5482799194585707,0.9668795605311383,0.2445677772879564
RLV,67,sparse_night,0.8799544739015773,0.3610050390021537,0.04555515908507024,0.8103812948944754,0.6920671712517096,0.26008840070741845,0.40841615126050534,0.8114834453115508
RLV,68,dense_day,0.25042179413509646,0.5407073358841358,0.6313650124518304,0.43477225323130736,0.5978029109241026,0.5596099149547703,0.594998785011638,0.3730668619892437
RLV,69,dense_night,0.28792714568244837,0.2887470981311264,0.6071313196664028,0.8060094608908708,0.30678986156724153,0.481224150585952,0.7019245296275987,0.5747979779659222
RLV,70,dense_night,0.5463955953732466,0.29262020905806146,0.7441387697119187,0.9296543248082108,0.3667194149447598,0.49866198616081503,0.7546854102677472,0.7498502596352187
RLV,71,sparse_night,0.9902313457022345,0.20872644563874232,0.1502578896513223,0.6435180491326495,0.9952677369996287,0.2900000847604063,0.15559522113528218,0.9625160558606747
RLV,72,sparse_day,0.6888267676326825,0.5340687576269522,0.1475567230867998,0.3144915724166893,0.5143205883318385,0.5060719306083246,0.3435798173823549,0.35610252864553443
RLV,73,dense_night,0.5112700608815064,0.5624957266073075,0.8076369380669024,0.592309513507428,0.4406726226954482,0.6412966453205131,0.7622907372862694,0.8754209031272319
RLV,74,dense_night,0.3620052633925771,0.31990609589866725,0.8690971936299664,0.8470193746119826,0.3199419383477956,0.2697694571063012,0.7955230703600534,0.8833038477708706
RLV,75,dense_night,0.4873343380372227,0.3436449603604366,0.8894081748017638,0.6150713464624076,0.20772703271788068,0.3459168796780309,0.9055143225941118,0.7193130563939261
RLV,76,dense_night,0.47321566045565316,0.34478592385892887,0.7699738612737873,0.7428570309314646,0.261449726268841,0.24268603737415373,0.4848066648460549,0.7677690710188488
RLV,77,sparse_night,0.7774132974449683,0.21405370618664823,0.1846606021991251,0.7600250280939632,1.0027787144529219,0.4610618753727862,0.22594069588219298,0.8454160327151583
RLV,78,sparse_day,0.5635278388175828,0.5606228601424007,0.1390254809101176,0.052503859349318366,0.645947411419403,0.6277856190333985,0.30196043029381925,0.18622517172318462
RLV,79,sparse_day,0.6465764307969815,0.638961798387462,0.33405269737472376,0.38781943582964207,0.4953137870047448,0.6286291332060565,0.09826021427337943,0.227410355397572
RLV,80,dense_night,0.22879678944426654,0.2801175680646112,0.7164490615778968,0.6986450983647003,0.45756790186270146,0.5226890100183463,0.8379253131323228,0.8154597451775494
RLV,81,sparse_day,0.6069917264701784,0.6165304430732556,0.25423067400723787,0.2147017078185323,0.570900384950636,0.8048834416405863,0.525265612261566,0.10547596617591476
RLV,82,dense_day,0.5331563839983727,0.6025021256040538,0.8711551145315751,0.2760144495482031,0.34393315569744326,0.706551050281399,0.8504446420956969,0.252600327444219
RLV,83,dense_day,0.3137983068642985,0.47370369321428435,0.8136489047313229,0.3652568697501487,0.25313074334487007,0.6408908581660457,1.1059792621603988,0.2925740117847126
RLV,84,sparse_day,0.568276116778392,0.5656423911855822,0.02579535034815217,0.3438088273657381,0.6589265525770542,0.754319683761394,0.17470043439725993,0.23298650245595237
RLV,85,dense_night,0.3078645328322277,0.35409895322489465,0.43711613651178194,0.5698046435852108,0.4043732470991572,0.45148104421439866,0.5170423055283191,0.6542613630757085
RLV,86,dense_day,0.2814260514886082,0.5763327950343918,0.961187208306047,0.16076554248481761,0.35148145489113675,0.4162732416339142,0.7319703403687827,0.2324279907023635
RLV,87,sparse_day,0.38858196468765627,0.5584605517638361,0.35177358164600425,0.07636653742892785,0.6680020688365303,0.7465766640249084,0.20938745772282047,0.3160315685128159
RLV,88,dense_night,0.25946920171559124,0.41142750944590917,0.9989341673771349,0.8782625786373157,0.21938464687952164,0.2855914327588036,0.8005740888666405,0.691566169358278
RLV,89,dense_day,0.5046598870773187,0.6663877232386496,0.8168501937743207,0.39069858050260464,0.3593553676952048,0.40171048257208586,0.9307275254197295,0.31753579691483375
RLV,90,sparse_day,0.7319222090745187,0.7103295350088119,0.24513144410647897,0.4025286245032171,0.3185054108995924,0.565144419103146,0.16330514412179228,0.3883219452977884
RLV,91,sparse_night,0.8770052778816625,0.3267478995604605,0.23637935771176494,0.6386831451769244,0.7825206712163079,0.2930353766513045,0.22483705195339815,0.7245874878581441
RLV,92,dense_day,0.5627347907709253,0.6195920610075142,0.667796182295201,0.13390518875897642,0.30212422696077,0.517812016056008,0.643365847654408,0.39832091042093287
RLV,93,dense_night,0.463008644903448,0.3895883457912752,0.7131758024927642,0.77928074956027,0.3981435084595838,0.30569440502374273,0.833520574397784,0.6827233468934643
RLV,94,sparse_night,0.7531753647000163,0.34194695383584717,0.09456083971748869,0.8059971169647915,0.6710367557969881,0.3297068381626553,0.1553025401951503,0.7351815735113033
RLV,95,sparse_day,0.7855720675387261,0.6091568173018855,0.16530027219072654,0.3077408906409445,0.5297146165212977,0.6176250207746182,0.026903977898520837,0.3804504627102921
RLV,96,dense_day,0.24890215489175277,0.5215722929064048,0.7999494127429658,0.260069196200415,0.1934921281288108,0.7184747264260015,0.6792869681828057,0.2759744628453001
RLV,97,dense_day,0.543155726843796,0.48286351082213175,0.7963588648105774,0.15335947356482482,0.21945775550396895,0.5984226816944708,0.7165201702262374,0.38883412003834983
RLV,98,sparse_day,0.6492661962069954,0.6268337887727649,0.3153388656461421,0.20609149058350545,0.6058544526041556,0.741747211729799,-0.07344268041344282,0.32072206019660093
RLV,99,dense_night,0.59309979625931,0.4179681623191094,0.8667587324939049,0.7521903615423935,0.3466666571448282,0.42336253043098493,0.8951058471221353,0.7161685652221064
RLV,100,dense_night,0.26461471531531,0.3713181651945563,0.7001408802912965,0.5856956000445177,0.2225040935029886,0.16234357997531945,0.7054288646766432,0.6897886035490101
RLV,101,sparse_day,0.6666083664085614,0.6505414900397071,0.13520729856887123,0.3239139924577689,0.8234990606462846,0.6566040798075157,0.2679627654884805,0.3306585973840849
RLV,102,dense_night,0.40685531361442734,0.3740848229793921,0.6258886969031859,0.7176988785319526,0.356677787832845,0.18886952608609872,0.8305781874011141,0.6323529818922644
RLV,103,dense_night,0.17308074281160707,0.28009398279822006,0.41773521342427655,0.7289104854947384,0.49717417123338625,0.2406005148597496,0.6935131293298192,0.8108384986442695
RLV,104,dense_night,0.4263852835628039,0.28838044985623323,0.5351338776657724,0.8123335749915648,0.13933622321732936,0.283424878785001,0.7434462142979926,0.7276587572115826
RLV,105,sparse_night,0.8858872737289727,0.18329606001115037,0.007791114803609306,1.037166648419744,0.6851620319794264,0.4375327966862097,0.16421043857238252,0.7495855929967795
RLV,106,dense_day,0.24563391652101152,0.4849130188638053,0.9789808210843128,0.28406442564712087,0.26665837963162736,0.6611329300538253,1.1071298247938495,0.32516191611707373
RLV,107,dense_day,0.27817295925143853,0.6181485176193441,0.6044284360541942,0.3527648866097564,0.05377638505140364,0.5227783927961851,0.9525091582382189,0.3746754367270051
RLV,108,sparse_day,0.41401850544128993,0.5807254631855077,0.1511590814816684,0.39058294110217323,0.45639598588985814,0.5307423386934174,0.09218714398951015,0.42310364728141703
RLV,109,sparse_day,0.5304113007225687,0.7022015847874861,0.2073171850920398,0.4325144480069276,0.4615118728494949,0.4228587872025758,0.12605393048293198,0.08384668623588243
RLV,110,sparse_night,0.9910658162910866,0.3090874029682093,0.20530210155596038,0.767887159037705,0.8790464344420509,0.4894551287819835,0.13424568748521426,1.0075655348899084
RLV,111,sparse_night,0.8895320401453884,0.2407994742480034,0.038363982883282036,0.8737363840765331,0.9133941830203056,0.40983220639758533,0.17578318666737502,0.8158348761595088
RLV,112,sparse_night,0.7809400740238095,0.15500640664009674,0.31048411714828955,0.7941134871846363,0.5928199489277175,0.38549161421916434,0.2730824021080158,0.5088909914078398
RLV,113,sparse_day,0.5765417767892077,0.8203708448896108,0.22786959112686292,0.056369222564869065,0.6501817633904118,0.6654796467292774,0.18498463661063144,0.10439239907089584
RLV,114,sparse_day,0.6186438895338712,0.668847174798155,0.11110800754825496,0.27324513593621885,0.6329322683273052,0.4135105414775254,0.2303235786533132,0.2445085522068233
RLV,115,sparse_night,0.5814625298134989,0.41340970231415725,-0.04239707602370163,0.8344197044176012,0.6987567982664374,0.1287955866000628,0.1786026111934286,0.7599440737625562
RLV,116,sparse_night,0.7157755395738837,0.2792434144482056,0.1871277345058338,0.9020736307482954,0.8899065076293103,0.16688891329145875,0.2672379276814357,0.7893471584746937
RLV,117,dense_night,0.3617883610640866,0.20925813736591034,0.7055785187255915,0.6614856399140386,0.326003543209064,0.4612004197731127,0.5216518125488026,0.4617041211146834
RLV,118,sparse_night,0.8846040796892003,0.030755000174198466,0.05964650418801115,0.70113301463585,0.8093984830086718,0.2756606443608,0.1330234687656138,0.7790336563872634
RLV,119,dense_day,0.31081973637313687,0.3876077328747369,0.8765475450400747,0.3183444853344002,0.4335026907232133,0.717600456633783,0.8468476684393638,0.5736499574307835
RLV,120,dense_night,0.5036557617294926,0.29241171107900465,0.756628711114664,0.8457620618671517,0.3584858043800147,0.267187411033744,0.9201684664949716,0.7054669385336314
RLV,121,dense_night,0.3858886619378161,0.21039306750857284,0.9217495895148018,0.5611454735017183,0.20197721296415413,0.36600225699155786,0.7003556423975013,0.519447372560328
RLV,122,dense_night,0.4677869688261571,0.4235714828930099,0.8572829283708311,0.7374479708894677,0.2597800103824809,0.4328408193643016,0.7498342703725991,0.6420715066811988
RLV,123,sparse_night,0.954051439783844,0.22137226572739885,-0.1190482464162805,0.6803875097833814,0.6683521953357732,0.38840506533359687,-0.17600839060743814,0.7461972247912854
RLV,124,sparse_day,0.6514195774791887,0.7261095240945596,0.12018701935664731,0.3601698352420458,0.708567498018768,0.7815464009704243,-0.0002123190674250819,0.14113802612787194
RLV,125,sparse_night,0.6415373607956601,-0.08343440214729603,0.14158308579154139,0.7014144272607878,0.8477305371290421,0.06345271271467587,0.07233857389205998,0.8564323887037383
RLV,126,sparse_day,0.545561514450532,0.7258884502052696,0.3884237264707605,0.15720451443928085,0.49322140365376216,0.668093571644455,0.12523593260987448,0.21777064986935274
RLV,127,dense_night,0.2065830078878286,0.26349225588147124,0.8187182050788487,0.7050068335924695,0.5699528344718795,0.18063590551083877,1.0322597920139347,0.5154409067716504
RLV,128,sparse_night,0.7711160187076872,0.3880831853006614,0.17227362092291773,0.7362629349970894,0.7314384730558572,0.3762975914626521,-0.1376082923336688,0.8956837987039377
RLV,129,dense_day,0.44111631472345214,0.7103743230019757,0.7681843370352576,0.45347396035625565,0.43899079998110524,0.5272623842816694,0.8187464459475358,0.3217044271698784
RLV,130,dense_night,0.2465908071952452,0.5068221468406816,0.8136675747757978,0.5966055389290966,0.3322754027409214,0.2509651788515199,0.643696654034315,0.7552361237459416
RLV,131,dense_day,0.34608475729893096,0.6827847182310935,0.8873949706809519,0.1731199387828002,0.54470169657037,0.5148621401216424,0.7953375851348021,-0.03954063626988419
RLV,132,sparse_day,0.5781166848836652,0.752547726030828,0.20065884890436259,0.09943030260229932,0.5690281352424572,0.3490700588236046,0.054689859776042904,0.3262607161783597
RLV,133,sparse_day,0.7537548427403646,0.8334566947037478,0.274382477639184,0.2774572710326354,0.4338020254409104,0.6369715841416896,0.13369959717544186,0.2753812016118965
RLV,134,dense_night,0.5143845860189545,0.4283871109523388,0.8819299729163809,0.5645290772808401,0.19606281438562675,0.34949770932418833,1.0978560736271425,0.8519450533713484
RLV,135,sparse_day,0.5036321826865786,0.8085050919584513,0.44266340683106853,0.311518783883653,0.7238415717215305,0.23004962843317572,0.17659971014115472,0.3822598767903448
RLV,136,sparse_day,0.689654788587573,0.7579727937425035,0.17745019679683938,0.12720264630809294,0.5979961664296441,0.6418442397622366,0.1621375998503935,0.18231539087448112
RLV,137,dense_day,0.3717123891996525,0.5445143713039979,0.9443919681592544,0.27613289557379206,0.175376309665642,0.6182746727648721,0.7529193370106033,0.14108857887814322
RLV,138,dense_night,0.486880397024422,0.5147705759127386,0.8010027112794448,0.4795357183822979,0.33657601526198844,0.4335644086066505,0.6747484879548715,0.8944127367350372
RLV,139,sparse_night,0.9847590887563897,0.3605170202215925,0.40695266585448187,0.7572352332120298,0.6040977149597089,0.42638136814658034,-0.0706313270098875,0.7093996372760235
RLV,140,sparse_day,0.8699175237925025,0.649917510707368,0.078798720659111,0.20599537814259072,0.5037783611952013,0.6960082383536056,0.0033464412121696763,0.08908583434770279
RLV,141,sparse_night,0.8398621960154509,0.15798141469573657,0.09150279375352083,0.906326162319283,0.655907016089232,0.29056268779531547,0.1489055456968469,0.7537060328095083
RLV,142,sparse_day,0.6234369702054677,0.7448487465120577,0.2635868659519897,0.33978944113943865,0.5444944509969809,0.5757175488305422,0.18575272269195595,0.2438394396955845
RLV,143,dense_day,0.1872743349518455,0.4783185983284021,0.8070565003524097,0.39536604387679725,0.28662673575337994,0.4984321198063034,0.6805608907419731,0.35800887791679104
RLV,144,sparse_night,0.7852224452840947,0.4911256480539333,0.1480742851099982,0.8480364087798427,0.7099042072049542,0.13553975219347397,0.0767566042194923,1.062437100673379
RLV,145,dense_day,0.46099798967865063,0.5799856271592153,0.9742841058267556,0.46035913745737506,0.40507769226399687,0.4892227462137818,0.9748391478663742,0.3558797642734025
RLV,146,dense_day,0.2299754960017069,0.6736222478321803,0.9376308353940219,0.17505753944355104,0.194707092197295,0.4357690700807411,0.9154327798584658,0.33306874787550544
RLV,147,dense_day,0.32215063095699475,0.9251407531350986,0.8519802108897305,0.21096352867972118,0.2289804049632031,0.7626518780115303,0.9517311387493226,0.46889269367006725
RLV,148,sparse_night,0.9386169759433813,0.34993285779404554,0.03416993775221566,0.7026419204511197,0.7477822302496483,0.32273566897638295,0.1353316678430888,0.6651521521242905
RLV,149,dense_night,0.3332023342849951,0.3327039019080494,1.0090348472281028,0.9544519910322564,0.27350917718443174,0.24026629200937294,0.6228716067609604,0.8268464727966687
RLV,150,sparse_night,0.7383957477420733,0.4897258420646249,0.20181132094203422,0.6587339464071893,0.7434446745163521,0.48673250860626377,0.2357238380128829,0.6898119845113495
RLV,151,dense_day,0.3697660723964039,0.5979850821680288,0.9381208346166321,0.20610341689738898,0.17400836414155946,0.5601137021528197,0.6403339195210286,0.2611606806007635
RLV,152,sparse_day,0.7359636982465972,0.7406170416858034,0.33358497207066173,0.25318811336290575,0.49530768270131975,0.8310255693311105,0.30275707723466205,0.19520092223291324
RLV,153,sparse_day,0.552981205170295,0.562705262043336,0.38509782402129805,0.28678930451974816,0.23006338284614242,0.8905126218790604,0.22196748283667422,0.29120428068817805
RLV,154,sparse_day,0.6063846518938677,0.647073639549492,0.09817653028760868,0.2208865144223143,0.6561214052768529,0.5085491780019878,0.0010691791491317937,0.06561113851722947
RLV,155,dense_night,0.3484939057273556,0.22878107915464294,0.6115459511375363,0.7072764277108337,0.4367920611742987,0.17862120274592602,0.8411929698457017,0.7916857167789696
RLV,156,dense_night,0.4396462593545888,0.39753723012089365,0.5362633199728587,0.6618970007360134,0.37301092817816706,0.49683977844223703,0.6892524806511686,0.7317831410867346
RLV,157,sparse_night,0.7613225786897587,0.5850141775529918,-0.06608916881098373,0.6507703288952165,0.8260129756031372,0.5123307487217523,0.1742606996385688,0.8842570222764988
RLV,158,sparse_day,0.4010337939797764,0.47262841207326795,0.3269250444637538,0.2600661217413499,0.39821186371638706,0.64225344800582,0.13288894161563014,0.14506000569894617
RLV,159,dense_day,0.5531492054153255,0.5179788073482072,0.8298910194706942,0.3611106436558731,0.3215218314720128,0.598018355666405,0.883673785234208,0.3147106278719092
RLV,160,sparse_night,0.9532105777895599,0.4023811389940817,0.12111125506155593,0.6584123162284699,0.758368423417016,0.3684183239939656,0.17263628448957183,0.8130917653342384
RLV,161,sparse_night,0.7729897196774941,0.16121774394005012,-0.07401555213147207,0.7195288817705197,0.757231719169857,0.12705199999631772,0.17123733169025745,0.9395427563979608
RLV,162,dense_night,0.3216847207518579,0.5795221585944237,0.5199934071592045,0.7334376482116931,0.2546195330670529,0.3013998614723594,0.6734286638791175,0.5816826779896902
RLV,163,sparse_day,0.6011204061451761,0.6252443255984539,0.0170206420059294,0.3298261292901915,0.6004099060810214,0.9063250864980184,0.15348387557883045,0.2888150194131247
RLV,164,sparse_night,0.6982517833070236,0.26862184641150927,0.08977134049182786,0.8083627254873309,0.9324424005141791,0.20351669746462908,0.2807597774684324,0.812198149870557
RLV,165,dense_night,0.4120551124999474,0.3020545864499582,0.7187003865310051,0.7366637210507698,0.24485557251871015,0.21713389994091184,0.713849859249453,0.6825549282527007
RLV,166,dense_night,0.518715639452016,0.36805711064103375,0.5968593253933682,0.7129094571480121,0.7133291474091115,0.5475206392385343,0.3930720524690761,0.7076011784433813
RLV,167,sparse_day,0.5954405276294801,0.4426445717947777,0.22021985537187475,0.2537853614325318,0.6666101099515269,0.45757362304071447,0.201196446231347,0.41580808763869703
RLV,168,sparse_night,0.9589139830483986,0.4104107417198195,-0.0818767147631003,0.6230686246397519,0.8712148485582418,0.26581514003550366,0.3300689573225949,0.8739603678249213
RLV,169,sparse_night,0.9190949931207789,0.4310472500136111,0.038624980613062715,0.7378307152107928,0.7408892051253707,0.3971454618660149,0.16746078631579403,0.811134783516925
RLV,170,sparse_night,0.7527575859291836,0.3167366803020047,0.29668515151993535,0.8454571526429535,0.9464459228032326,0.21957346880712655,0.051259865097154064,0.801932608776472
RLV,171,sparse_day,0.5244750561267303,0.48859312118531295,0.30880633154482195,0.36372541079102416,0.6866485431049199,0.7018451608728352,0.17221048652743323,0.22544884304360616
RLV,172,sparse_day,0.6355069537427094,0.9221251928155603,0.2661037286830684,0.23884137818711637,0.5202029415014456,0.438791990173818,0.28804276776836424,0.3315225014039584
RLV,173,dense_night,0.31814484761865125,0.41356913888717867,0.9936436129203722,0.7984685917617881,0.5347117821705485,0.3047107962263913,0.7625598438660693,0.7511778885076343
RLV,174,sparse_day,0.5684487307373266,0.47107036210650965,0.28974142338852316,0.22374804546527355,0.5237046546462687,0.5609599277917747,0.24261289679790166,0.2587865452560393
RLV,175,sparse_night,0.9949326419949681,0.5481315007816686,0.16977883568471686,1.1108823003273791,0.718378115415759,0.14987049119172563,0.06484514950870583,0.7736611681910012
RLV,176,sparse_night,1.098010868009746,0.25619755121674925,-0.04286407580391571,0.6302360845748811,0.9768809276146811,0.29080164961838345,0.16908689976649105,0.7348971344090797
RLV,177,dense_day,0.34402950228862006,0.4587878270704904,0.7237369358408383,0.04463370368423503,0.16408846906055474,0.788248763333383,0.7712199700444267,0.5284152359785373
RLV,178,dense_day,0.43390456298612345,0.47994855697350114,0.9229517968213965,0.01584945373665614,0.30373193576297003,0.6900564841133875,0.8294834453160477,0.20050276366005998
RLV,179,dense_day,0.2593146248982359,0.6526567110946179,0.9155995992219891,0.34974580283700357,0.15716496217345313,0.5375925525791416,0.7087280127502867,0.2955763316427568
RLV,180,dense_day,0.30013113346663006,0.6284103413343222,0.9622679230787352,0.33293562465702536,0.6375088874822399,0.3430309008480132,0.7518459909673829,0.2692859994475251
RLV,181,dense_night,0.21832921399092783,0.15346999601821545,0.654539018734871,0.797604722736799,0.20681785800016736,0.42164588678744236,0.8132048033386672,0.9417268279842348
RLV,182,dense_day,0.2511172289722456,0.7868573242336493,0.7288137476713367,0.31366315417806284,0.39331384572184147,0.5126411618220034,0.7297355482507168,0.20581240331922157
RLV,183,sparse_night,0.909064505994136,0.16334749271815066,0.0683217943032474,0.8569747782421246,0.8424039903232448,0.17395421503214847,0.23989519071679483,0.6930951031776326
RLV,184,dense_day,0.271017592449495,0.5097279844014507,0.7236434501061435,0.3087321436705632,0.47782140339469426,0.6619285730169552,1.0403427409342196,0.5073551349544934
RLV,185,dense_night,0.27344509463994965,0.3583702741068183,1.0416363723279938,0.641417432555635,0.399663297700987,0.19255569473228135,0.8992081266049816,0.8049691652021708
RLV,186,sparse_day,0.62247786277574,0.5595088737273356,-0.043099211099365986,0.31326190487583117,0.5551613665935919,0.6933535931574295,0.25780100747308643,0.2082802946612789
RLV,187,dense_night,0.42072087723809276,0.28826617940411536,0.5209201093666729,0.5279275151158055,0.3439568925904287,0.33699477872550226,0.6833254248467714,0.742137277245497
RLV,188,sparse_day,0.8314251184760196,0.6797253471535798,0.32581478666772845,0.1250095636343903,0.5173404369379438,0.5182293232942506,0.22212724851063465,0.2291197802697329
RLV,189,sparse_day,0.5973237719899417,0.47688858754327085,0.4235872198270691,0.2685115536570052,0.729330573546809,0.603587664968112,0.21023204782920946,0.06996293309775273
RLV,190,sparse_night,0.7761444322945773,0.4340052660774467,0.03965925213179265,0.6636363492241416,0.8365554840822012,0.34851461547177554,0.046204860709990456,0.9612314481592912
RLV,191,sparse_day,0.7497290246233665,0.6868397057690299,-0.0035107008256354266,0.08968572389474569,0.6199402943710521,0.595891795069975,0.1402304207002022,0.47863878369457985
RLV,192,dense_day,0.33546608634927433,0.3373612568501718,0.8003271358267964,0.45351143939797434,0.3810355588277203,0.3798027886247721,1.1341155015020645,0.14954297805058406
RLV,193,dense_night,0.4117310657589165,0.5465678624590583,0.8345729403126034,0.687126029239115,0.48859345073158766,0.3558394734069294,0.7554231305427185,0.8555636556773226
RLV,194,sparse_day,0.559949896651426,0.5374365933982068,0.37578804428902823,0.320983605463447,0.7376175637962911,0.5299568787012959,0.2060799848215494,0.2982638699195838
RLV,195,sparse_night,0.9111975108974005,0.3566264580614167,0.18463509138797432,0.7833463816919042,0.7584722354327524,0.41006050622779944,0.10962448561449925,0.9477503455227216
RLV,196,sparse_day,0.6128527037846632,0.5229084612886478,0.14101415828960776,0.43419798413673494,0.5754917759657824,0.5568447648259665,0.17898498343175337,0.3045345986198881
RLV,197,dense_night,0.5941661009263406,0.3348385276562527,0.9097177732857221,0.5094310406628864,0.7225734679435507,0.3052075445893557,0.8348620827928831,0.8039527494335814
RLV,198,dense_night,0.2573984708658864,0.4123021497423346,0.8214316213730076,0.5721223918652214,0.28872956264754884,0.36637903928068705,0.6342034010294799,0.7214394379236145
RLV,199,dense_day,0.2788564724864392,0.46074892307740367,0.741503945407574,0.39956407388761866,0.2384629973524977,0.6481124087226098,0.9154828411745215,0.23458897867610634
Healthcare,0,high_load_nighttime,0.6165947578383442,0.3519988760691256,0.7246877613936193,0.5559686148193264,0.6471797635143153,0.46318406932136197,0.6853811342214772,0.5832963850517261
Healthcare,1,low_load_nighttime,0.8929317082134888,0.18580727065428967,0.14721757677834255,0.7329361389638153,1.0730003720859458,0.17879011888555707,-0.18141163755184606,0.7987981348968927
Healthcare,2,high_load_nighttime,0.7065815730223381,0.18372961743002653,1.0527453353153098,0.6195684559036025,0.3489310087684492,0.2129112444796705,0.8029303907705652,0.749673162663962
Healthcare,3,high_load_nighttime,0.23191980691808162,0.5146806239845526,0.803198963974534,0.685103963657479,0.7648654623463556,0.17863257823183343,0.725509938225454,0.7996658603240087
Healthcare,4,low_load_daytime,0.346759302753847,0.7260879814038632,0.2042729754101319,0.16966630825523155,0.3806081688198728,0.5114599855697212,0.41616881189432464,0.19531709237036005
Healthcare,5,low_load_nighttime,0.6721077517263074,0.29949938212615884,0.028699087225214998,0.8136000121775051,1.134370198216241,0.27287087234314017,0.25996977081735106,0.8710442704055076
Healthcare,6,low_load_nighttime,0.7983780337806163,0.21667748829026162,0.4044997226960344,0.8869506749802232,0.5716057586811727,0.28774467429828465,0.02760181757732086,0.6405880826424186
Healthcare,7,low_load_daytime,0.4240530329225334,0.5669469036368536,0.16780942543141147,0.34180353228695015,0.37415468328047047,0.7554737402471735,0.2609769712871709,0.09510662224610808
Healthcare,8,high_load_nighttime,0.5935161383629912,0.3736644066576212,0.7348471569478802,0.6989208398251399,0.45801343872221834,0.4177560357567824,0.4770583140728465,0.2446033016046275
Healthcare,9,low_load_nighttime,0.7731322917752869,0.15193095206591398,0.11532324274454546,0.49574846937889205,0.9226300993737215,0.21425602154266105,0.22556096979372883,0.7908624945769619
Healthcare,10,low_load_daytime,0.260599254177481,0.9258897865050189,0.2459986962144018,0.09033362277720922,0.414295378633536,0.904085059747422,0.27128604792044286,0.27636597783568256
Healthcare,11,high_load_daytime,0.3252622121107297,0.6512602551505813,0.9392023385710551,0.23134418904696225,-0.028961003431052956,0.53260743383985,0.8643470614519833,0.3297796949460931
Healthcare,12,low_load_daytime,0.3008719005524868,0.7520131889726065,0.11822993796970346,0.3882609985418618,0.13486505662807988,0.6789828359061524,0.29159368281894016,0.06888638049435306
Healthcare,13,low_load_nighttime,0.7717584315332797,0.13541828923050508,0.1065917489058394,0.4861061091861095,0.8758771081262949,0.5222589874152154,0.09644209730589212,0.47333055869431945
Healthcare,14,low_load_daytime,0.10789722794500078,0.6236025302768969,0.3136667711793313,0.30036347810879427,0.4973912989222197,0.7322507926998129,0.21946285065754179,0.22901540663230882
Healthcare,15,low_load_daytime,0.34287528818373675,0.7222458102825409,0.10056492222256441,0.24426998023359173,0.19872140540678992,0.6455859161636638,0.3414442762963939,0.2929277533974009
Healthcare,16,low_load_daytime,0.4784773183099078,0.6913914602039919,0.2148075691657184,0.2299751379709123,0.4429164818573217,0.45613793850417295,0.20362010581856815,0.1739345623650405
Healthcare,17,high_load_nighttime,0.39434206578503184,0.43588522907200056,0.6254016807645274,0.6667011951345911,0.316259190551401,0.563169204093493,0.8830696506894967,0.5651614684320262
Healthcare,18,high_load_nighttime,0.7463670240329987,0.4371530529631837,0.7792511582282199,0.6766419592897397,0.596465189695489,0.7272321454032153,0.6187826996698333,0.5746303900864657
Healthcare,19,high_load_daytime,-0.03112641172058428,0.693857548680449,0.6730498779803489,0.10990472746655697,0.26691673627870993,0.6638078944655216,0.8567194836009939,0.4257630337733087
Healthcare,20,low_load_daytime,0.1947364442663981,0.5817727671957417,0.37676847474877867,0.3459258343781238,0.21439728001768607,0.7060837698407708,0.1573743851841698,0.11295274533199687
Healthcare,21,high_load_nighttime,0.5728085952371247,0.25290712932311576,0.6224504576992332,0.49857750282696955,0.4729541123581722,0.5189222004179015,0.7787946466006423,0.56620511590764
Healthcare,22,high_load_daytime,0.2566813142423012,0.7455421517905547,0.8324629467037293,0.26998178527438393,0.25344803512965935,0.6797323416855482,0.8381208846277588,-0.01452384286362185
Healthcare,23,low_load_daytime,0.16220486578647286,0.6302649646202279,0.34089879282049707,0.1096043820558274,0.39768841097779994,0.5828965868329841,0.3513298369577719,0.1337708373498795
Healthcare,24,low_load_daytime,0.3305461802743145,0.6236606920813571,0.25475836747624264,0.41869158333899087,0.5145888372795184,0.8215304797647205,0.26383627099183543,0.025885525332889597
Healthcare,25,low_load_daytime,0.32950035617200174,0.5629102676850553,0.2800033058041606,0.4971045078226443,0.19657029238934676,0.6552256049361962,0.32714317065847837,0.38164398202061817
Healthcare,26,high_load_daytime,0.2216430227021759,0.6482726437029062,0.8655514743341001,0.4438491936118815,0.2516939711035797,0.7365020281138884,0.8743069902318336,0.12054192553416646
Healthcare,27,low_load_daytime,0.059063302896909975,0.6603981422991112,-0.11849055172242728,0.2773436008912731,0.21725214032177814,0.7459839833738573,0.15970056771117663,0.4761967440778613
Healthcare,28,high_load_daytime,0.40156487698010485,0.7267995648032022,0.6421061300270923,0.43664068392388,0.3044136821165102,0.6358198271348318,0.7834300281607613,0.18184649678223852
Healthcare,29,low_load_daytime,0.520284703410836,0.5224750238224891,0.3226116697601821,-0.15466420098027156,0.3427392073616235,0.6361728451030397,0.31294203285709177,0.28070272272930896
Healthcare,30,high_load_nighttime,0.5196488671487749,0.316772599733757,0.8071687280910781,0.7869649555097153,0.5383878016414255,0.28405608662553894,0.4633084009111278,0.7016797275700564
Healthcare,31,high_load_nighttime,0.630038053914316,0.47877996751652385,0.9136391637034328,0.5786998949824077,0.43843757159540553,0.4851452005370046,0.8012499437665426,0.5644768216242415
Healthcare,32,low_load_daytime,0.5310373747670103,0.779846591874556,0.05096223708529049,0.5307378949553332,0.358444924319207,0.7846739055593521,0.24370543242053214,0.2077133965596577
Healthcare,33,low_load_daytime,0.28255602857282563,0.6049601608268819,0.14651850811189743,0.26403554669511037,0.3769959021127367,0.585981741051343,-0.01973890782822113,0.15923712762765813
Healthcare,34,low_load_daytime,0.2842593070857689,0.6125302932620961,0.20177031789090288,0.028881380287272607,0.42540901537753406,0.6911634765710201,0.4319870489951358,0.30183564284893477
Healthcare,35,low_load_daytime,0.24632612756702443,0.5630251470733258,0.2347205838128919,0.11965748596832027,0.2752527402185112,0.7929091141034307,0.334733077279735,0.17955477265671432
Healthcare,36,high_load_nighttime,0.4819987670491525,0.1993859738907617,0.6609406095956681,0.7723313280928367,0.5008757931459462,0.4695364776865176,0.7996628950081116,0.7201228959709884
Healthcare,37,high_load_nighttime,0.49479125720083966,0.4305324990070888,0.8769409837116828,0.5428797746012008,0.5247120300479008,0.20736354938755092,0.8198640691952604,0.633558378378784
Healthcare,38,high_load_daytime,0.1965124677142521,0.6470033410645466,0.7819095319887915,0.2365877214608575,0.17063590924798028,0.7299932457065132,0.7074337110039587,0.3440925206057502
Healthcare,39,low_load_nighttime,0.9672866536643128,0.2723643275146706,0.15751033105207368,0.5823422862833024,0.8846258299763881,0.3366731881413001,0.25236933502780085,0.8506368577286378
Healthcare,40,low_load_nighttime,0.9516583184117612,0.24793208424502652,0.15407849768147944,0.8904084353815204,0.8120639980134146,0.35292719032306763,0.2462944024175029,0.705652748203385
Healthcare,41,low_load_nighttime,0.988270439977156,0.3893653640061717,0.23744053262368828,0.8600290320532366,0.6415481734397432,0.24676337002388585,0.2687498053913162,0.7074052958481355
Healthcare,42,high_load_nighttime,0.4877548148573961,0.20430401411272472,0.82128854483236,0.8094230535613747,0.33565374816474247,0.15347252600976577,0.5262889532926694,0.6132961062299718
Healthcare,43,low_load_nighttime,0.801651295426679,0.21938905500147593,-0.048093269180266435,0.9169493658045845,0.9088549107536986,0.282772544960102,0.16897733764532502,1.032858621044392
Healthcare,44,low_load_daytime,0.4782950704261521,0.7282171619270073,0.4102237493045988,0.2411083712820882,0.48497053721444333,0.9083432233893686,0.20874595849376848,0.20238828016831079
Healthcare,45,high_load_daytime,0.1401875047835412,0.5057792032451727,0.896412983816436,0.34170058729514446,0.49702405442418396,0.48646872599834123,0.6371062568897705,0.4322453735294547
Healthcare,46,high_load_daytime,0.423493967282685,0.6773819240485837,0.6113434169571594,0.3173178085185558,0.3241399353536026,0.5474914687579701,0.7079117051397928,0.21686304499622203
Healthcare,47,low_load_daytime,0.2577615493357506,0.8484294183817171,0.20030505256796957,0.28205478148934265,0.4169170788908187,0.5351590018768125,0.1859139983984318,0.26031557569268293
Healthcare,48,high_load_nighttime,0.42720936180711666,0.003282606996404369,0.7289337420600154,0.8469336433157719,0.5390264921581117,0.24489684592093958,0.7009216497330889,0.8335750254966547
Healthcare,49,low_load_nighttime,1.0039194746631237,0.1128878199979639,0.2820444817830073,0.5306256461261147,0.8084562725615184,0.285269092312288,0.18952839348132602,0.7634673964898155
Healthcare,50,high_load_nighttime,0.3375324738982121,0.1896165568198757,0.6617239336044131,0.44313823497328764,0.5550230885238963,0.43890146030600663,0.7586455606845297,0.6044258590514408
Healthcare,51,low_load_nighttime,0.9333845420928722,0.33004109428625505,-0.026374856518926654,0.9326070860410194,0.7407810531398127,0.5685265196441429,-0.06323701798209141,0.7656176479875858
Healthcare,52,low_load_nighttime,0.9014130322012388,0.14592885762813756,0.236484259510473,0.7916281948293825,0.48056426368180755,0.16545529766082373,0.4664404623625038,0.841162736945417
Healthcare,53,low_load_daytime,0.29708747674407837,0.7706615595387156,0.1714847829387637,0.28644013837238663,0.46179927914724733,0.6752518771950035,0.3926535216282466,0.2157378304131686
Healthcare,54,low_load_nighttime,0.924477046427896,0.1649042871402985,0.25539646805588984,0.784458587432981,0.8312662333691292,0.2518700695952932,0.24126234653418918,0.6490184003426529
Healthcare,55,low_load_daytime,0.2958574346757982,0.6352866787888203,0.34636561989738485,0.3410594297767012,0.1965363178427643,0.8252669038752654,0.35302700338057214,0.17379000478811718
Healthcare,56,low_load_nighttime,0.9125809186329379,0.26796066184267,0.23439666392879932,0.8016441940392167,0.70940073682098,0.20840968957221614,0.12085751279755323,0.9777284917385596
Healthcare,57,high_load_nighttime,0.3741132052494706,0.2697601520450135,0.6981189973591034,0.6628707952298175,0.48725906255374385,0.2975447369999062,0.7666974403050779,0.7129858745187405
Healthcare,58,low_load_nighttime,0.7266048045390205,0.27928994184610084,0.3077732514491247,0.6399659382049676,0.8214103061263719,0.34719240548552527,-0.09864576385486545,0.765834297623097
Healthcare,59,low_load_nighttime,0.6899919052720155,0.20060922597922837,0.06883610251583523,0.7024980524807364,0.9071468838916915,0.33572756012332683,0.25615196179497346,0.7224210399801386
Healthcare,60,low_load_nighttime,0.9157061250038402,0.18796158937682972,0.2067869017830636,0.7677601547566189,1.0061939664639727,0.27655555872334814,0.06576043484468659,0.7218326518644791
Healthcare,61,low_load_nighttime,0.6311517941501605,0.5815725758450481,0.2961421732935051,0.5424361025238043,0.943930801515245,0.4074465274097691,0.044239454939828726,0.8495569296663665
Healthcare,62,low_load_nighttime,0.9320751415335116,0.18646266510786713,0.023247554101305606,0.7975994040413903,0.8312981306289209,0.40404766401642583,0.23130619971616223,0.8813069402550519
Healthcare,63,high_load_nighttime,0.3947253338185442,0.17868613770785052,0.743558706290763,0.5765599009221625,0.570100404086653,0.07757123014564016,0.7265443175327218,0.6331883861870566
Healthcare,64,high_load_nighttime,0.45720137438277086,0.3842725602692806,0.46535716911458,0.731588855654639,0.5298083309674988,0.32373917472817015,0.41061320845289434,0.5299048200538319
Healthcare,65,low_load_nighttime,0.8373894471294958,0.3609198785696178,0.1665534339795479,0.7664733166856491,0.8054084252385404,0.14564411504390226,0.2011575776527404,0.8658626950743561
Healthcare,66,high_load_daytime,0.35723551784355584,0.5165894941189325,1.044532569274454,0.24492475072094588,0.3145374038650408,0.605542995497409,0.8968134560637275,0.3296074285498018
Healthcare,67,high_load_nighttime,0.5382296913775144,0.3011426541407219,0.7154788985482835,0.471368633090962,0.3126259952757984,0.4180539419016678,0.6807496297434353,0.6592247062750909
Healthcare,68,low_load_daytime,0.22814054651855223,0.7228443906541209,0.31292518702780964,0.3375048931775956,0.44146672161894196,0.7080567819897312,0.20690936902706258,0.34013320153856214
Healthcare,69,low_load_nighttime,0.8793894953464764,0.4491652564078447,-0.017722063179151704,0.6933062810108307,0.607798676848134,0.22071965379247396,0.11672739328640397,0.9565275152009842
Healthcare,70,high_load_daytime,0.39567373987821947,0.5660942223521472,0.8559910813467139,0.2431799036717092,0.25901584754808205,0.7476834151220241,0.7647212659673885,0.36947391663676715
Healthcare,71,low_load_daytime,0.3788416136421721,0.7800072317361485,-0.05569152503611918,0.2312696651488498,0.19888012630684554,0.5859253590391251,0.20985737618436567,0.30990373836690016
Healthcare,72,low_load_nighttime,0.9422902620995404,0.6291085160667234,0.12527803444733204,0.572408490063473,0.9147320017823294,0.34931204231063195,0.11744663150974746,0.6174806527129081
Healthcare,73,low_load_nighttime,0.7595082084760841,0.4064474910197016,0.04512983789197006,0.6910263949402563,0.7747743257178094,0.290961163492955,0.1574109501717075,0.7246966905734344
Healthcare,74,high_load_nighttime,0.7435694232574898,0.40201744920723004,0.7292427428052403,0.8374908723181087,0.570990906083708,0.3592624874079296,0.6991919625674993,0.40419580741443495
Healthcare,75,low_load_daytime,0.47644621818295374,0.7658795449901465,0.06073534719252982,0.33584986795366933,0.39644100963581075,0.5373679251209222,0.1248048868819128,0.08974988957271499
Healthcare,76,high_load_nighttime,0.5384805124564467,0.2692936834412449,0.6445394803117255,0.7513776472469034,0.6429844410810658,0.3203885494999672,0.6010102694215119,0.5667899447092251
Healthcare,77,high_load_daytime,0.08398724552796463,0.621941356081784,0.8661831745902939,0.19877806746690982,0.36403743184970694,0.7996693690973075,0.5631340995456265,0.4576028480891521
Healthcare,78,low_load_nighttime,0.7001963028377917,0.4174524278912324,0.2997015707243405,0.6587050738642993,0.8471780209183466,0.49089349721495684,0.24808694359240108,0.6498264484901931
Healthcare,79,low_load_nighttime,0.8878113139746246,0.39917461011769706,-0.12796063269471739,0.4544093482976109,1.0318657734141095,0.13303407873889475,0.3588369365030203,0.818174179044639
Healthcare,80,low_load_nighttime,0.8458294773853725,0.09101087934725324,-0.03251766224610103,0.702206340986509,0.9168683591961467,0.32873768033702155,0.1978524104815807,0.49922528285687257
Healthcare,81,low_load_daytime,0.29415876180375616,0.6589079857867796,0.5206940895780443,0.057822191281696966,0.4393438997882658,0.8034214584977207,0.3569897816751188,0.18857863996269542
Healthcare,82,high_load_nighttime,0.5905762056234347,0.6509186166703516,0.6938014513280378,0.799807506054798,0.518492770704332,0.3491797189670324,0.6772184096895205,0.5318445327090378
Healthcare,83,low_load_daytime,0.28826914284340716,0.674539498483656,0.16641914209386946,0.041535412009616024,0.3250423875448494,0.6678577023056841,0.22319765925967294,0.17207414035766005
Healthcare,84,low_load_nighttime,0.8490187829364918,0.11727383354729659,0.03818232294649612,0.7996663364178501,0.6935314485392077,0.21873469336682522,0.3138566887108435,0.8166197434316537
Healthcare,85,high_load_nighttime,0.3843799777243257,0.3538361502018559,0.7862503512621353,0.6652793727745325,0.7461279541939874,0.3284187206236671,0.8297231419906799,0.664266480004593
Healthcare,86,high_load_daytime,0.15171690473900692,0.6519805469652568,0.8483187483971537,0.41005884838086837,0.22545388298700358,0.6854003586437926,0.7580516504970768,0.22063852940251188
Healthcare,87,high_load_nighttime,0.46158397183283545,0.2276829659184829,0.7340618916265605,0.49763125530427504,0.5240961996504495,0.4375290396405706,0.4934998899000913,0.5972755404979929
Healthcare,88,high_load_daytime,0.26482197034638816,0.7515970698330655,0.72560695409821,0.1698932874435451,0.3057783765427055,0.6809047926721398,0.871124495137364,0.10441061441934338
Healthcare,89,low_load_daytime,0.21798351497382695,0.6469884006719459,0.12835486108426591,0.28999901838271563,0.2260202840016729,0.8606418070249533,0.25494845840735736,0.5297587530650023
Healthcare,90,high_load_daytime,0.40509708613507855,0.5250468447414876,0.87511346220017,0.5635411714744765,0.22432250813340698,0.6970338107933972,0.8648063010423409,0.41161493279306466
Healthcare,91,high_load_nighttime,0.45961154856247943,0.34280979020440555,0.7482518441352871,0.869600290506528,0.24247577757485095,0.36857973866037225,0.9077863219903761,0.7146272640368908
Healthcare,92,low_load_nighttime,0.7920897362581648,0.43478201199770833,0.03793904535068632,0.6718125591714015,0.9279912178916072,0.392797345421474,0.0876499674608405,0.7640633747954607
Healthcare,93,high_load_daytime,0.3760991426016619,0.6818013079707371,0.6861588280893471,0.374119201722555,0.3310874782060077,0.6301678690622422,0.7599903606421368,0.4272008103364861
Healthcare,94,high_load_nighttime,0.741061884605879,0.27259856594718207,0.42501888375998786,0.4838525632702958,0.43057779626298603,0.3432589358532698,0.4454003652158497,0.7009324591243189
Healthcare,95,low_load_nighttime,0.9581642187033887,0.334468636676291,0.5068947273232617,0.6994542227590804,0.8985653625093878,0.20404769996164435,-0.030144965721722067,0.7162079227461597
Healthcare,96,high_load_daytime,0.1511318324251653,0.7360055770583365,1.1918895071731117,0.4289181024657962,0.3690674981809861,0.580416643795277,0.6882874951697684,0.3197752923258672
Healthcare,97,low_load_nighttime,0.9354060654313243,0.21338879645459535,0.1718047436516084,0.751256667891926,0.967570917381626,0.24558818500156915,0.346862118083093,0.8113283756600409
Healthcare,98,high_load_nighttime,0.4873676665072091,0.49317083540620166,0.5649855058349451,0.8382269280860185,0.5741792524206281,0.3797487332141376,0.8407289951333171,0.5678816281207001
Healthcare,99,high_load_nighttime,0.506683699065715,0.1337231291645066,0.6475706126275456,0.5148403025804134,0.1683896156373011,0.24631214103466037,0.6627032206966813,0.6823992453257652
Healthcare,100,high_load_daytime,0.1521357998149312,0.5490988926559082,0.7747138970311472,0.3477724899710928,0.23629188168932044,0.6580643281883412,0.7177118367358298,0.35623404464692204
Healthcare,101,low_load_daytime,0.4861174379057712,0.5576511048020547,0.3921623177077479,0.03351403286863722,0.411884842201794,0.7721600821862985,0.3121898755908689,0.23131336928411883
Healthcare,102,low_load_nighttime,0.8521733908715956,0.127248972599492,0.1069737776527804,0.7601711603774717,0.8927153296683359,0.3266123419966319,0.20592653086401527,0.8153796953955041
Healthcare,103,high_load_daytime,0.013338680081001891,0.7114190649760319,0.8337891252306984,0.3632800106215804,0.30228157654398213,0.6488877561323146,0.721012718386456,0.1643047577036585
Healthcare,104,high_load_nighttime,0.5155824824310513,0.20095171004730894,0.7008925262428229,0.6997274022261432,0.32732615531920195,0.28278564881730683,0.7144086110623199,0.5500858240103799
Healthcare,105,low_load_nighttime,0.7931388916569387,0.2858708973609226,0.1728327532476661,0.4993907397317554,0.8800272460509275,0.2757458531321042,-0.0023499217646486548,0.8725468437104917
Healthcare,106,high_load_nighttime,0.34702807537850844,0.5187874481320254,0.8471146411291562,0.5845765066360186,0.32441293219988765,0.4620836495007791,0.7105552925851052,0.6191087482673077
Healthcare,107,high_load_nighttime,0.44235165979084967,0.19899234911025457,0.8039185637779976,0.727897300912151,0.43378934998908036,0.48605824810643616,0.5496058826661564,0.6061665592583191
Healthcare,108,low_load_daytime,0.11091804945802561,0.8192294551884498,0.27525592582921615,0.089079442048805,0.48206451108605874,0.6770674214532338,0.3826147343417973,0.3539492581547205
Healthcare,109,low_load_nighttime,0.8840878511674599,0.3854086100251316,0.11347101288310384,0.7205743664685548,0.92458074434846,0.48363198899592674,0.054629917788813195,0.731319710186275
Healthcare,110,low_load_daytime,0.4653235492894962,0.6428648314959036,0.12581420284146955,0.3610292464018086,0.4140118758853014,0.5889933127411511,0.41353832099137033,0.37348792260178315
Healthcare,111,low_load_daytime,0.18412116944694837,0.8390977694619793,0.20019674554152495,0.3637824325680814,0.22548488610110526,0.624066328400635,0.23584644151071502,0.16999976133096217
Healthcare,112,low_load_daytime,0.3397270688083468,0.5973339242392407,0.0322757056002376,0.45323547420454213,0.25898818114129174,0.7574217373248029,0.29062151327178964,0.13298126620181544
Healthcare,113,high_load_nighttime,0.3255750012794386,0.26717809420255056,0.8953888185332753,0.38304781038860014,0.4090210225911256,0.2249183033373722,0.8122068247977754,0.7277161141444345
Healthcare,114,high_load_nighttime,0.5394306251538822,0.3220394737865799,0.8206750559701579,0.7279967353660812,0.5909424054811657,0.25727218421648057,0.8308830477309975,0.4718748788925624
Healthcare,115,low_load_nighttime,0.8425076082753393,0.7271284442226814,0.18333704395242342,0.7619791537878867,0.8980401049482052,0.29648046588792126,0.20218393178853203,0.8567560559250182
Healthcare,116,high_load_daytime,0.34514670939038333,0.5468562170446248,0.7210332914198472,0.24447997705018462,0.3101104254446747,1.0579698712792003,0.7139567215238991,0.21358197389194036
Healthcare,117,high_load_daytime,0.32315964321670615,0.8540934437201881,0.5645820945830837,0.15993089243507103,0.2303390961111699,0.706180586372125,0.6304883007742407,0.20501699156883685
Healthcare,118,high_load_daytime,0.23857170619882315,0.700706965716932,0.7400847713154621,0.32426729375599384,0.39184147670257585,0.795104432971235,0.8093569747302204,0.6320678111809428
Healthcare,119,low_load_daytime,0.1925870582041028,0.79837771684577,0.21677988962042055,0.30400799140263596,0.36473524826156495,0.7335045611065881,0.2922746517785379,0.27944843406960673
Healthcare,120,high_load_daytime,0.16586866680575052,0.5746594219862711,0.9027500994479428,0.27422160043032245,0.16646709390581355,0.4904218181687231,0.81211122422143,0.39789796241542696
Healthcare,121,low_load_daytime,0.36457825326984666,0.7437501666738104,0.17270449263976623,0.02490966422485444,0.5325139946896111,0.8938390823263339,0.09507514866370359,0.2600403800860404
Healthcare,122,low_load_daytime,0.4055420568030612,0.6343689817654496,0.14689150702960238,0.21591040966515412,0.170231431461142,0.7367259035327586,0.2739118541577468,0.3872987770531606
Healthcare,123,high_load_daytime,-0.01791438381697741,0.4407908674894475,0.9677303204864658,0.33162160152278847,0.4737430356280513,0.6862020326976532,0.8886978652393054,0.4318390991746639
Healthcare,124,low_load_nighttime,0.88661800122638,0.3731155717151568,0.20340706465423972,0.6697498638172356,0.7364942380224653,0.1265415087700185,0.17403052145446077,0.7190492079019997
Healthcare,125,high_load_daytime,0.31937957141759477,0.6735844231101759,0.734096873891199,0.45118120798037753,0.12123390414224414,0.6601642169818843,0.7673145994152711,0.4369493422195624
Healthcare,126,low_load_daytime,0.3458620285109464,0.8329243715343553,0.4174093305900507,0.08919551229938272,0.2993729915499299,0.9620251706730572,0.28587455026745695,0.19182934528854872
Healthcare,127,low_load_nighttime,1.0270350120887934,0.2413410549794421,0.0744955717204927,0.8907354829671513,0.7437453889209542,0.02400812609759695,0.1878790941288293,0.730011422748282
Healthcare,128,low_load_daytime,0.5747941374165031,0.8776944520791503,0.2668061182930064,0.2537680785627063,0.29578862491194957,0.4337746564391421,-0.11155305207513005,0.23419300132538767
Healthcare,129,low_load_nighttime,0.9410267657508731,0.39182309645505375,-0.07693438471992314,0.6339063776805174,0.991992762505341,0.507885066739722,0.13717917725442427,0.8603624818921829
Healthcare,130,low_load_nighttime,1.0421659949227133,0.1608888059895049,0.08037035308234047,0.6985921642419182,0.7921017290308942,0.07644254347410523,0.14521903119314875,0.9085828274803585
Healthcare,131,high_load_daytime,0.19166286577731373,0.6928148533508868,0.7751443856918767,0.14182519602334387,0.3068281021918698,0.6097894427296856,0.6605084671050941,0.5579697711003908
Healthcare,132,high_load_daytime,0.2731631437270846,0.603752850650465,0.9855468814434801,0.3818787110269745,0.12415028496449812,0.5164711024160272,0.7487841250378604,0.352738555146322
Healthcare,133,low_load_daytime,0.23312627755631488,0.8243117219763945,0.20408063264308848,0.45041353734022127,0.19571262583580318,0.6008718696962021,0.3365199132066183,0.31860058260114016
Healthcare,134,low_load_nighttime,0.8260869700290843,0.10991689977413516,0.35726342565126634,0.5402576868852536,0.9511805468628786,0.49440694481403924,0.055316447020851076,0.6460849297484437
Healthcare,135,high_load_nighttime,0.4450420447616532,0.3561450329913188,0.6164663301852712,0.697967712512755,0.6892124570282653,0.4430264430205416,0.7967468957498349,0.6969754593981529
Healthcare,136,low_load_daytime,0.25629931258265265,0.6642354472286686,0.4030614334216197,0.19219986386074642,0.23137360048874694,0.6444570964730517,0.2949163016786284,0.2182809089986865
Healthcare,137,low_load_daytime,0.11164921374611464,0.7126313903458714,0.31209297890706245,0.2581807500865922,0.447066669964017,0.7879492687081219,0.38409158315650466,0.2969780086053903
Healthcare,138,low_load_nighttime,0.8497299993987084,0.41181950680941937,0.2355448667197252,0.7505660267571007,1.053725771305238,0.3166981020014056,0.26799764437987866,0.7994438633881673
Healthcare,139,low_load_daytime,0.23876191507234207,0.6129567553423712,0.2454803910293943,0.10669692364276476,0.39411303305254103,0.9059336963166674,0.07103098500166594,0.5162910276480962
Healthcare,140,low_load_nighttime,0.886778341030203,0.07573695440598852,0.35417479255519413,0.592548988803183,0.6643978723299631,0.19100998585493795,0.21562860981858015,0.643520082240795
Healthcare,141,low_load_daytime,0.1329557875318128,0.7854609821269618,0.2386531730855737,-0.0022615185004249416,0.3099447493208044,0.7485260604726823,0.3303611373957315,0.3269179076404244
Healthcare,142,high_load_daytime,0.24600913988067794,0.6801878811861254,0.732240844091248,0.33821844278551233,0.2871720940279944,0.6511635873832671,0.8379136889201778,0.4335896696946354
Healthcare,143,high_load_daytime,0.30139748656939835,0.7491671542185185,0.6069187856590703,0.5607130362084023,0.10647682518180088,0.565953751383917,0.6587206331647034,0.2337641490391912
Healthcare,144,low_load_nighttime,0.8341169057312077,0.011712019054794243,0.3051617416936459,0.8067575050552571,0.9322105945950934,0.3730493497339152,0.028051041920599942,0.6722701840182376
Healthcare,145,high_load_nighttime,0.5562462875601456,0.18722808784653094,0.4155429065701208,0.5807083278076282,0.5508660312469171,0.3820289135636325,0.6039675443242306,0.6621323785202202
Healthcare,146,low_load_nighttime,1.0008718993046504,0.1484347943233845,0.03177521716042912,0.7016126445194839,0.8144014268119979,0.44275106346943194,0.29756746134224155,0.6776677933468508
Healthcare,147,high_load_daytime,0.11463440035752515,0.6299482746632374,0.6354240967163938,0.3825062172506788,0.147339148545842,0.6148523994407158,0.8050954544622336,0.3387695206476186
Healthcare,148,low_load_daytime,0.4117431562001158,0.6846468214439354,0.32470318225602995,0.11671896523158024,0.47679711582460016,0.4387726836248783,0.26824519700227284,0.0779838345411048
Healthcare,149,low_load_nighttime,0.8944753473657697,0.3127624350163045,0.13795225968500666,0.7675521542762974,0.914468896206645,0.39832894892633264,0.12319684622850187,0.7047891023178314
Healthcare,150,high_load_daytime,0.19919673229746226,0.5566726248025595,0.8094278828523751,0.22725991906950727,0.3947527072960801,0.6097778056674917,0.7495584858093819,0.43083641791159777
Healthcare,151,high_load_daytime,0.3832243749875298,0.5367993353861481,0.8311326425870305,0.45081171852747126,0.444741658034399,0.5545545909260108,0.7512550480134712,0.2947256790319853
Healthcare,152,high_load_daytime,0.063975683664794,0.6006062614414236,0.842533191691649,0.40007870147067354,0.34474806356104204,0.48187365445638963,0.7248380123562412,0.11673859885931415
Healthcare,153,low_load_nighttime,0.9832512087652183,0.49927284672302996,-0.0018818445994391864,0.9108694410549631,0.8085955916784482,0.1881579247347823,0.1942762982533606,0.644417878070407
Healthcare,154,low_load_daytime,0.50266576214368,0.7776047902926259,0.1929840284028246,0.38921501846924267,0.29831931346711654,0.6856850127581354,0.4177777638187238,0.3883444297733737
Healthcare,155,low_load_nighttime,1.0029859049226268,0.3820372901412551,0.17175532728554885,0.7873501330107344,0.9689196912177926,0.44218043465413737,0.21866778326341718,0.7670737796883353
Healthcare,156,low_load_nighttime,0.8084969630691747,0.13298760910068405,0.03707566005243296,0.7146239873150548,0.9981180271807856,0.4357801673951187,0.42157300760768157,0.9662898962058987
Healthcare,157,low_load_daytime,0.4082420728896298,0.8421272619445743,0.18802112701601614,0.44355747615877206,0.40504093734025975,0.6601729596367558,0.35090198887886054,0.23603004587735738
Healthcare,158,high_load_nighttime,0.3966063107146898,0.37603910114975886,0.8264900417338421,0.8097682916083543,0.5668354846238516,0.20232432612582932,0.5489216428282753,0.7581737357678539
Healthcare,159,low_load_nighttime,0.7592485179075947,0.3793119934606035,0.21978885002306447,0.784711285598569,0.7038358786257903,0.4100065459454805,0.15690058751521713,0.6043523825134072
Healthcare,160,low_load_daytime,0.37340141568792906,0.6832650346842143,0.3721991078293895,0.3519518990743326,0.4853675438971413,0.7722531400534755,0.271796637947194,0.3002239904817666
Healthcare,161,low_load_nighttime,1.0371295772709952,0.19271838910231565,-0.01707095842337744,0.8125920251189968,0.8422076453719559,0.3976333303517638,0.07755859386198881,0.810962776452136
Healthcare,162,high_load_nighttime,0.489718381122212,0.36186870108384933,0.6575463723440261,0.7457384130374864,0.7441774447486526,0.3291108823985043,0.5795038714969587,0.5819435166557819
Healthcare,163,high_load_nighttime,0.5222148237399308,0.3505120449488504,0.7278819617506024,0.40866839612278566,0.5933846547662348,0.40859284704209337,0.5462146943080031,0.6924406685614182
Healthcare,164,high_load_nighttime,0.5297215232972627,0.26875539981118296,0.6169700103302332,0.520208452219392,0.6817590890998753,0.10389145276100342,0.6901014502292746,0.4922749055412604
Healthcare,165,high_load_daytime,0.45010859483036153,0.6715605876109175,0.7933286090954973,0.26032413430661283,0.2492441817838611,0.5197241667953898,0.7601786098965989,0.3179662426087453
Healthcare,166,low_load_daytime,0.27863595692776666,0.684741734111511,0.31217483794397954,0.21975115090010158,0.25687141115305384,0.7462295064122952,0.3010376322819444,0.16772220539530397
Healthcare,167,low_load_daytime,0.24421104817011519,0.6110956351767818,0.06309186309077691,0.4550527255858315,0.5652374263379203,0.5958890760221203,0.28292813227879,0.206544683296571
Healthcare,168,low_load_nighttime,1.0039382556595298,0.3873936753755064,0.2137913442568565,0.6596789395285543,1.0408302684641186,0.45107034988951855,0.36873191205606676,0.7779204604241986
Healthcare,169,high_load_daytime,0.22475029285653345,0.4774980927540587,0.7628856111802995,0.3081617359226738,0.15847927792765565,0.6046321981370795,1.0018611359184406,0.5050554478444022
Healthcare,170,low_load_nighttime,0.7780468245961493,0.20983815335589479,0.22641568932286743,0.569200810157332,0.7732955601361047,0.3928691424727921,0.3661173498319369,0.5737762966816331
Healthcare,171,high_load_daytime,0.2944390984847436,0.7332414060360121,1.0707160668324909,0.3581541943835945,0.2808401859628329,0.7570751867665522,0.6134563094291158,0.357221472199878
Healthcare,172,low_load_nighttime,0.9384412966289452,0.227802021509052,0.11678027093775653,0.694134231343894,1.051780750559862,0.27042765360385496,0.3666959924058107,0.7943070447470493
Healthcare,173,high_load_daytime,0.13999031963769928,0.7086872493423275,0.8695669151464454,0.2578604773953737,0.13376152393641288,0.6851699182381399,0.9030094043348846,0.3437139966279898
Healthcare,174,high_load_nighttime,0.4353676230781841,0.5527873266246295,0.629527832053106,0.6383549141970394,0.48379986736344427,0.4038723960941444,0.626537328230085,0.6665205415132183
Healthcare,175,high_load_daytime,0.45353232997543635,0.5702510817150478,0.8131747349984616,0.34693801714500627,0.3248100043713103,0.6406092701789426,0.779653396759142,0.14115675735442043
Healthcare,176,high_load_nighttime,0.7174852804856762,0.3660219272238568,0.5337228568117797,0.635274286184248,0.5693752024113814,0.28274705217985585,0.5953892605778895,0.8935917085428264
Healthcare,177,low_load_nighttime,1.0240744808506268,0.37074602414877705,0.06895074471248706,0.674005297756408,0.7946015505626957,0.35064793593243815,0.252225518827098,0.7577421064815408
Healthcare,178,low_load_nighttime,0.9332695605223293,0.3137969311387978,0.31463590356196214,0.686332304530642,0.7426060925639117,0.4383714055438611,0.004214760931721129,0.6545431940169638
Healthcare,179,high_load_daytime,-0.056469743184275834,0.42666955081887936,0.72248748553124,0.5893877153913363,0.33257809814671646,0.5018964422217712,0.6687432871265551,0.2666632636748975
Healthcare,180,low_load_nighttime,0.6545708604767924,0.2964911753267845,-0.007811588461735852,0.584333369031336,1.0510998454911802,0.019508392283779208,0.01209156039552503,0.6536517155222498
Healthcare,181,high_load_nighttime,0.4994782747103087,0.4321476346514467,0.7381237929314348,0.4533954222874521,0.5129841666325703,0.45439033359869846,0.7297763125733213,0.8625301206175093
Healthcare,182,low_load_nighttime,0.5653409255413222,0.20500837821482215,0.058606231803076336,0.8008774201278227,0.9183768554673903,0.3971929143212929,0.052426328311681675,0.6282605347282865
Healthcare,183,low_load_nighttime,0.7847094334900707,0.2529462739534162,0.22369979099986897,0.8746348062540427,0.7237778370706623,0.26085509894846637,-0.17349688485143624,0.7279514987728374
Healthcare,184,low_load_daytime,0.4374070429334532,0.5330602942017989,0.19338717552811086,0.14206504379388457,0.3014821952245311,0.6324005974838331,0.2776013702205876,0.2529941256747949
Healthcare,185,high_load_daytime,0.4288790294655254,0.6040864785094564,0.8439361074764888,0.32139038135200687,0.08621269266966167,0.5967411955638969,0.7882713349712065,0.2505204446628709
Healthcare,186,high_load_nighttime,0.4727161859718372,0.3796645908603016,0.6408839939617222,0.8173777799331768,0.27608874624069246,0.3402092431374225,0.7903982555082022,0.7121191986403744
Healthcare,187,high_load_nighttime,0.5218367672292193,0.4305493491794351,0.770944699578514,0.7279726257391993,0.3637171442831521,0.41255354773419467,0.5067465133703688,0.6700054098299337
Healthcare,188,high_load_nighttime,0.44161380320808186,0.4768231551917603,0.5803808738669147,0.6783635701869485,0.42375337329402846,0.5537924406249644,0.8092554073666249,0.632272919207566
Healthcare,189,low_load_nighttime,1.072329760573367,0.2647239488395424,0.11271946363912258,0.6808798930099281,0.903289421920478,0.24850161197265958,-0.0721563274376073,0.8314568145220264
Healthcare,190,low_load_daytime,0.2966624985297406,0.7502405940461526,0.34458231589651206,0.07269057134971299,0.32343963897024197,0.6805161074886064,0.4673518819339866,0.3339667010612287
Healthcare,191,low_load_nighttime,0.7249559536460856,0.22389891622855224,0.21049655936769637,0.7114803339979198,0.7027697519228758,0.42797665420356557,0.15881677913589357,0.6428174727359139
Healthcare,192,high_load_daytime,0.4716737332282278,0.8815106831778667,0.7797519876792425,0.4491661636785025,0.2537545180770596,0.6238146523541288,0.6630454053118299,0.17371757327962986
Healthcare,193,high_load_daytime,0.4384718992347766,0.586161710229254,0.8416219655425817,0.26421180645412035,0.15588551204274334,0.7861670560102947,0.8424668098739994,0.11079513636529909
Healthcare,194,low_load_daytime,0.49967578284647174,0.466460333710479,0.23454447946836823,0.16748417972479152,0.39747895223468144,0.8677634917851785,0.22870294473198233,0.05804739530671457
Healthcare,195,low_load_nighttime,0.8563740058418017,0.3492152901419552,0.27395098233901605,0.7324016506466856,0.7505046582677297,0.1608479200173864,0.17056545579899526,0.7093333072408436
Healthcare,196,high_load_daytime,0.21071784997682186,0.6107696765523783,0.652825088490691,0.1698812359882157,0.331543493768402,0.7229023178797876,0.8337839288637411,0.23157856359857715
Healthcare,197,low_load_daytime,0.3456396116711544,0.6804404611424365,0.17153382912350862,0.09020048718741769,0.39658726205752753,0.6317227718532069,0.2994964122265317,0.17147155105602052
Healthcare,198,low_load_daytime,0.46315460342259307,0.7736975531923174,-0.0031446244395364475,0.37258805201079037,0.2800528232663395,0.6375815302786809,0.2537052116404433,0.21102745104386067
Healthcare,199,high_load_daytime,0.33113493656215776,0.7907716167461982,0.8617271190182875,0.3972596389698985,0.015029356040817649,0.8015952073066452,0.8978398303972661,0.3595117336654179
