track_id,g_S,g_A,g_D,g_E,context_label
1,0.18755662285069402,0.8648523263827813,0.4166666666666667,0.0,sparse_day
2,0.31558847928798844,0.9045535234778845,0.3333333333333333,0.0,sparse_day
3,0.0,1.0,0.4166666666666667,0.0,sparse_day
4,0.38755109683046146,0.911393281588103,0.25,0.0,sparse_day
5,0.523850047252952,0.950251681918425,0.4166666666666667,0.0,sparse_day
6,0.467545282404598,0.9796100621805706,0.4166666666666667,0.0,sparse_day
7,0.5757077922745346,1.0,0.4166666666666667,0.0,sparse_day
8,0.0,1.0,0.4166666666666667,0.0,sparse_day
9,0.38072039999737295,0.9728720889384872,0.6666666666666666,0.0,dense_day
10,0.2263803727089172,0.8581373332278439,0.5833333333333334,0.7741935483870968,dense_day
11,0.22112636908814973,0.8904637005280143,0.6666666666666666,0.8709677419354839,dense_day
12,0.46927566204332466,0.9306309200565608,0.4166666666666667,1.0,sparse_day
13,0.3148165703593622,0.8976442416300104,0.5,0.6129032258064516,dense_day
14,0.482016267593489,0.9132157996617518,0.5,1.0,dense_day
15,0.6064668853940263,0.5546344874021683,0.5833333333333334,1.0,dense_day
16,0.3347808417488352,0.9604774856545106,0.4166666666666667,1.0,sparse_day
17,0.33820974817751037,0.9388020372125409,0.16666666666666666,0.8709677419354839,sparse_day
18,0.42597371808278484,0.966214182480245,0.3333333333333333,1.0,sparse_day
19,0.46848445118682913,0.9208739872493262,0.4166666666666667,0.0,sparse_day
20,0.17205560264303502,0.9340061770335715,0.25,0.0,sparse_day
21,0.16786277236714472,0.7846774048695943,0.3333333333333333,1.0,sparse_day
22,0.18515065195893216,0.7837263057444704,0.08333333333333333,1.0,sparse_day
23,0.3350734789571605,0.9838934326726604,0.3333333333333333,0.0,sparse_day
24,0.18362634723172028,0.8382245918456923,0.5,1.0,dense_day
25,0.26474133125146493,0.9272031829134383,0.3333333333333333,0.0,sparse_day
26,0.17562037481150736,0.9032620797772813,0.5833333333333334,1.0,dense_day
27,0.6366472803207499,0.937849349241869,0.4166666666666667,1.0,sparse_day
28,0.6274108545992825,0.9031925479899957,0.75,1.0,dense_day
29,0.8826082380698448,0.9245200648651569,0.6666666666666666,1.0,dense_day
30,0.1851199257468205,0.8722223804790615,0.3333333333333333,0.9354838709677419,sparse_day
31,0.1580547862170942,0.8357506372198452,0.16666666666666666,1.0,sparse_day
32,0.2297517287072238,0.9718169546323733,0.4166666666666667,1.0,sparse_day
33,0.5720394487584101,0.9517001472098363,0.5,1.0,dense_day
34,0.29416683823134415,0.9016563956094509,0.3333333333333333,1.0,sparse_day
35,0.14055622117499794,0.889608567089936,0.5,0.0,dense_day
36,0.43891999951264193,0.9775716478532909,0.3333333333333333,1.0,sparse_day
37,0.14875907816957706,0.9558446064839837,0.3333333333333333,1.0,sparse_day
38,0.2562363763344046,0.9705972473186734,0.16666666666666666,1.0,sparse_day
39,0.2455170577172037,0.9433180183526881,0.25,0.0,sparse_day
40,0.4347331559320728,0.9903722429796233,0.6666666666666666,1.0,dense_day
41,0.3616465018327709,0.896810542049761,0.5833333333333334,0.6129032258064516,dense_day
42,0.28698796039029506,0.9660312692407479,0.4166666666666667,1.0,sparse_day
43,0.20914683876156073,0.8120007192348667,0.6666666666666666,1.0,dense_day
44,0.28319274730492977,0.7929331201597437,0.4166666666666667,1.0,sparse_day
45,0.3301508645187002,0.9587131878923462,1.0,0.0,dense_day
46,0.25193372177284423,0.8515517603734702,0.5,1.0,dense_day
47,0.3036952002711424,0.8983166983884986,0.6666666666666666,1.0,dense_day
48,0.3799562720636177,0.9151700135445349,0.75,1.0,dense_day
49,0.37671847727980734,0.9144268359998579,0.75,0.0,dense_day
50,0.14697705402783237,0.8720059667721143,0.6666666666666666,1.0,dense_day
51,0.26855539023146696,0.9260522994359299,0.75,0.0,dense_day
52,0.333155213419392,0.9686401909336344,0.5,1.0,dense_day
53,0.5511244542150796,0.9720508252114634,0.6666666666666666,1.0,dense_day
54,0.234563335715883,0.958824237859424,0.5833333333333334,1.0,dense_day
55,0.18257399669206098,0.76609908694212,0.6666666666666666,1.0,dense_day
56,0.40641526775657916,0.8755685184783468,0.4166666666666667,0.0,sparse_day
57,0.23680018836880784,0.9021185350022446,0.4166666666666667,0.0,sparse_day
58,0.4168070203100233,0.9671264952697967,0.5833333333333334,1.0,dense_day
59,0.24628058924528431,0.9587235033741779,0.5833333333333334,1.0,dense_day
60,0.537057294154875,0.7588071018131609,0.4166666666666667,1.0,sparse_day
61,0.2448181712413796,0.8611651864597472,0.5833333333333334,1.0,dense_day
62,0.240013516065729,0.6440766800928501,0.5833333333333334,0.8064516129032258,dense_day
63,0.2693181622626163,0.962514242276343,0.3333333333333333,1.0,sparse_day
64,0.13219999822421766,0.9463899846006589,0.6666666666666666,0.0,dense_day
65,0.4166695370646632,0.985834823654948,0.6666666666666666,1.0,dense_day
66,0.319957147788879,0.720534936714776,0.4166666666666667,1.0,sparse_day
67,0.16481640792121105,0.8607468742323542,0.5833333333333334,0.0,dense_day
68,0.10995915506125184,0.7603310832077073,0.5,0.0,dense_day
69,0.3778263292815599,0.9289961690922814,0.5,1.0,dense_day
70,0.3274378326626151,0.8687194433667421,0.5,0.0,dense_day
71,0.31970582555770016,0.9517201766324417,0.5833333333333334,0.0,dense_day
72,0.38809112271685453,0.9757421374257886,0.4166666666666667,1.0,sparse_day
73,0.42566983334729513,0.8472138647432418,0.6666666666666666,1.0,dense_day
74,0.22730929298174124,0.9684559387699891,0.4166666666666667,1.0,sparse_day
75,0.4488755151675508,0.9563835332641668,0.8333333333333334,1.0,dense_day
76,0.3518041314384515,0.9733531382404795,0.3333333333333333,1.0,sparse_day
77,0.3181137118845502,0.8539000331608406,0.4166666666666667,1.0,sparse_day
78,0.2959241541813659,0.8966067493849382,0.5,1.0,dense_day
79,0.2435253713716602,0.9200172087615933,0.3333333333333333,0.0,sparse_day
80,0.6037247827066419,0.7984868825583591,0.5833333333333334,1.0,dense_day
81,0.10351032681543737,0.8594440642850232,0.4166666666666667,0.0,sparse_day
82,0.2985188590324849,0.9100420110550985,0.5,1.0,dense_day
83,0.267728139019094,0.9178785962555763,0.5,1.0,dense_day
84,0.2246624261067303,0.9605756675979068,0.3333333333333333,1.0,sparse_day
85,0.30671045339996084,0.9757842748297725,0.25,0.0,sparse_day
86,0.3101748487981461,0.9213021617157976,0.25,1.0,sparse_day
87,0.21637986691101022,0.651894653967211,0.16666666666666666,1.0,sparse_day
88,0.4407317593803359,0.9172368589827183,0.25,1.0,sparse_day
89,0.2033495953975251,0.9221313689819038,0.4166666666666667,1.0,sparse_day
90,0.18049768390018192,0.9852792205534154,0.3333333333333333,1.0,sparse_day
91,0.3300597923882523,0.9609078704886993,0.4166666666666667,1.0,sparse_day
92,0.20503196764213175,0.9216548130829784,0.5,0.0,dense_day
93,0.40711179406085096,0.8816413416453907,0.4166666666666667,1.0,sparse_day
94,0.15433334758232523,0.8766038058660953,0.16666666666666666,0.0,sparse_day
95,0.42106671153163583,0.9476359439604924,0.3333333333333333,1.0,sparse_day
96,0.15383562762658987,0.9181912256246645,0.16666666666666666,0.0,sparse_day
97,0.24498590241556378,0.9941185538650631,0.16666666666666666,0.0,sparse_day
98,0.1746775321217816,0.9782295725606003,0.25,0.12903225806451613,sparse_day
99,0.2084206116949474,0.9902705041614239,0.4166666666666667,1.0,sparse_day
100,0.3272779420997474,0.9744486064471775,0.25,1.0,sparse_day
101,0.35170267947906303,0.9572530816189868,0.5,0.0,dense_day
102,0.1704956220167923,0.9293782782211039,0.4166666666666667,1.0,sparse_day
103,0.4511907281110428,0.9298325879942712,0.5,1.0,dense_day
104,0.2985135800387711,0.9791314527632792,0.3333333333333333,1.0,sparse_day
105,0.6098200293360799,0.859934442803042,0.5,1.0,dense_day
106,0.22478193411659095,0.8779537802958365,0.4166666666666667,0.0,sparse_day
107,0.043314385666817765,0.8852111230381142,0.5,0.0,dense_day
108,0.27407335083410306,0.8605103822963174,0.5833333333333334,0.0,dense_day
109,0.18794529721043657,0.9846984233508974,0.5,1.0,dense_day
110,0.2980902240944975,0.976262224548691,0.5833333333333334,1.0,dense_day
111,0.17991644397019027,0.9420328993863868,0.4166666666666667,1.0,sparse_day
112,0.19090927945115957,0.9883938939584932,0.5833333333333334,0.0,dense_day
113,0.2821301435949104,0.9145738405685031,0.5,1.0,dense_day
114,0.36631450549560446,0.9111003570285996,0.4166666666666667,0.0,sparse_day
115,0.3239080931085849,0.8815548607029183,0.4166666666666667,1.0,sparse_day
116,0.26389906951605685,0.8797695484134797,0.6666666666666666,0.0,dense_day
117,0.23706064923651207,0.9595938338899087,0.3333333333333333,1.0,sparse_day
118,0.6302887300414198,0.98248859453368,0.6666666666666666,1.0,dense_day
119,0.28002501233433985,0.91948630638687,0.3333333333333333,0.8387096774193549,sparse_day
120,0.31432840421288116,0.986462765991395,0.08333333333333333,1.0,sparse_day
121,0.23456972326410755,0.9642569391234076,0.5,0.0,dense_day
122,0.10929425405577131,0.8193633394675904,0.3333333333333333,0.0,sparse_day
123,0.49756814723072157,0.9354514335663735,1.0,1.0,dense_day
124,0.5142914625087729,0.9574982572731715,1.0,1.0,dense_day
125,0.3144264042304144,0.9282409563954925,0.5833333333333334,1.0,dense_day
126,0.2534378921807582,0.8999278746939278,0.25,1.0,sparse_day
127,0.2893992952146457,0.9386664281313721,0.5,1.0,dense_day
128,0.34802370581826214,0.96561775454281,0.3333333333333333,1.0,sparse_day
129,0.4623445076555692,0.8980495792441456,0.8333333333333334,1.0,dense_day
130,0.26081333998796,0.9295719485823961,0.3333333333333333,1.0,sparse_day
131,0.530199583437401,0.9743967292247387,0.5,1.0,dense_day
132,0.23766848094084336,0.8201456104045923,0.25,0.0,sparse_day
133,0.3081393873148725,0.9209620192387237,0.4166666666666667,1.0,sparse_day
134,0.23237342389931986,0.9254682640841665,0.9166666666666666,1.0,dense_day
135,0.18212014409887697,0.7896000931430996,0.8333333333333334,1.0,dense_day
136,0.23247059335250908,0.9025659138478221,0.4166666666666667,1.0,sparse_day
137,0.18520512799150823,0.8663263118097719,0.75,1.0,dense_day
138,0.15266224592114375,0.8001800985612393,0.5833333333333334,1.0,dense_day
139,0.43244653524800275,0.8941019940371141,0.75,1.0,dense_day
140,0.3095642131230271,0.8115173370885344,0.5833333333333334,1.0,dense_day
141,0.41297525904786986,0.9078087235772601,0.5833333333333334,1.0,dense_day
142,0.2761563854002107,0.9800487701460489,0.3333333333333333,0.6774193548387096,sparse_day
143,0.28877656474945146,0.8362056333054386,0.6666666666666666,0.0,dense_day
144,0.4478950568254521,0.9864984968489926,0.9166666666666666,1.0,dense_day
145,0.31099648770985444,0.9076349682158187,0.4166666666666667,0.0,sparse_day
146,0.3593902021761559,0.9723001895922733,0.6666666666666666,1.0,dense_day
147,0.3053554293219593,0.9762269029890595,0.4166666666666667,1.0,sparse_day
148,0.1665847110471524,0.9839236781325124,0.5,1.0,dense_day
149,0.1657717837183587,0.9122189517534065,0.5,0.0,dense_day
150,0.33366216774222995,0.9116073937647342,0.6666666666666666,0.0,dense_day
151,0.7028389514058093,0.9838519378685944,0.4166666666666667,1.0,sparse_day
152,0.29935381692879043,0.8559404725719235,0.6666666666666666,1.0,dense_day
153,0.20342160381950392,0.8738174223310755,0.6666666666666666,0.0,dense_day
154,0.22249167281658247,0.7830320271330455,0.5833333333333334,1.0,dense_day
155,0.20440483302616913,0.8803162158207185,0.5833333333333334,0.0,dense_day
156,0.28874923139695746,0.7930828410076508,0.6666666666666666,1.0,dense_day
157,0.213603883957072,0.9621738824454735,0.25,0.0,sparse_day
158,0.22477258856784607,0.8433321948809908,0.4166666666666667,1.0,sparse_day
159,0.25213968243180246,0.9056659885027386,0.3333333333333333,1.0,sparse_day
160,0.20347254028036027,0.9677618109623288,0.5,0.0,dense_day
161,0.24636890506800213,0.9658884241212493,0.3333333333333333,0.0,sparse_day
162,0.17616542098859753,0.8971517753909065,0.5,1.0,dense_day
163,0.43895976095149614,0.9597879515195731,0.3333333333333333,1.0,sparse_day
164,0.2947819401599753,0.8540667675485537,0.3333333333333333,1.0,sparse_day
165,0.3989457435681274,0.9257192066193018,0.16666666666666666,0.6774193548387096,sparse_day
166,0.26075593475075,0.9628446768186935,0.16666666666666666,1.0,sparse_day
167,0.3079492918712552,0.961701962559976,0.5,1.0,dense_day
168,0.6053236425358853,0.9027255416714227,0.25,1.0,sparse_day
169,0.30323372792626585,0.9355347952533677,0.4166666666666667,0.0,sparse_day
170,0.2102376350328492,0.9532146322600761,0.3333333333333333,1.0,sparse_day
171,0.22441254705828365,0.6474800909552447,0.16666666666666666,1.0,sparse_day
172,0.20826461932915277,0.9240577277149552,0.5833333333333334,1.0,dense_day
173,0.7606915654393557,0.9651543243780445,0.75,1.0,dense_day
174,0.2243938304112717,0.974901533211919,0.5833333333333334,1.0,dense_day
175,0.09217010011622816,0.9066029783765814,0.5833333333333334,1.0,dense_day
176,0.3373486728016661,0.9519163328094896,0.5,0.0,dense_day
177,0.349235392136541,0.9773426976459209,0.5833333333333334,0.0,dense_day
178,0.01330142210090458,0.9229024792716056,0.08333333333333333,0.0,sparse_day
179,0.49392959218672433,0.7673275620685492,0.25,1.0,sparse_day
180,0.09174895743282539,0.6137733075635159,0.5833333333333334,0.0,dense_day
181,0.3285944051318875,0.9434501078049521,0.3333333333333333,0.0,sparse_day
182,0.3545597677840445,0.9683272864794571,0.08333333333333333,1.0,sparse_day
183,0.2919349598434048,0.9705681312190297,0.4166666666666667,1.0,sparse_day
184,0.37273022618157997,0.9437106663952198,0.5,1.0,dense_day
185,0.18739686248415832,0.9055954729622226,0.5,1.0,dense_day
186,0.28202525163365816,0.9688447177646916,0.6666666666666666,0.0,dense_day
187,0.17624483356954573,0.841079590317386,0.4166666666666667,0.0,sparse_day
188,0.16827930737822946,0.9389461596332177,0.16666666666666666,1.0,sparse_day
189,0.26158570622836436,0.9813097950916915,0.5,0.0,dense_day
190,0.43945565229433925,0.9860335106011772,0.5833333333333334,1.0,dense_day
191,0.25300886786272025,0.9214613431851822,0.3333333333333333,0.03225806451612903,sparse_day
192,0.7528349102963378,0.7843277160581117,0.5833333333333334,1.0,dense_day
193,0.8382036798005108,0.8512460112678144,0.5833333333333334,1.0,dense_day
194,0.20015331421793534,0.9650158708035617,0.25,0.0,sparse_day
195,0.6747042571098592,0.9181298584145269,0.25,1.0,sparse_day
196,0.46249131604971344,0.8584322189769003,0.5,1.0,dense_day
197,0.5463660556059527,0.9751055007580292,0.5,1.0,dense_day
198,0.31243540409934417,0.9769062119604254,0.5,1.0,dense_day
199,0.10813003044226127,0.9463743588968743,0.3333333333333333,0.3225806451612903,sparse_day
200,0.2418562666213928,0.9245334815175482,0.5,1.0,dense_day
201,0.6162985897138846,0.9746955737296514,0.6666666666666666,1.0,dense_day
202,0.13166341883080065,0.9544968641285929,0.5833333333333334,0.0,dense_day
203,0.2732821387370243,0.955383894524355,0.5833333333333334,1.0,dense_day
204,0.2454739389170248,0.827355580210499,0.5833333333333334,0.0,dense_day
205,0.48853279363087315,0.9112872106260006,0.5,1.0,dense_day
206,0.5616653572002495,0.9166901250690406,0.5,1.0,dense_day
207,0.2956906360534438,0.9095302310404952,0.4166666666666667,0.9032258064516129,sparse_day
208,0.28113155705270965,0.9026897669655536,0.25,0.0,sparse_day
209,0.3662312599246414,0.9541034676701197,0.4166666666666667,1.0,sparse_day
210,0.3542595837912484,0.8923905957553278,0.25,1.0,sparse_day
211,0.0979644408702906,0.6248191087599908,0.6666666666666666,1.0,dense_day
212,0.16924487767722404,0.9939484567450434,0.6666666666666666,1.0,dense_day
213,0.19348913653197555,0.7829832534170053,0.9166666666666666,1.0,dense_day
214,0.32136251517682174,0.9689078720859609,0.4166666666666667,0.0,sparse_day
215,0.3405006988999873,0.9309275325694072,0.25,0.6129032258064516,sparse_day
216,0.1537304842673454,0.8946183984105377,0.5833333333333334,1.0,dense_day
217,0.37221406890449377,0.9721278381429816,0.8333333333333334,1.0,dense_day
218,0.31149439338349644,0.8935004456479886,0.8333333333333334,0.0,dense_day
219,0.34580882525467815,0.9813320659307269,0.75,0.0,dense_day
220,0.6668528099849877,0.9260406129265645,0.8333333333333334,1.0,dense_day
221,0.270870780793319,0.9541626242480374,0.5833333333333334,1.0,dense_day
222,0.2954103359619127,0.9226833575344227,0.5833333333333334,0.0,dense_day
223,0.16737466886856678,0.8294355628350755,0.3333333333333333,1.0,sparse_day
224,0.3862026583917352,0.8519228537376481,0.16666666666666666,1.0,sparse_day
225,0.33237178072031953,0.9586487041935947,0.5,1.0,dense_day
226,0.18235573100782487,0.9786598892924647,0.5,0.0,dense_day
227,0.1587196988543985,0.8159106454784071,0.5,0.0,dense_day
228,0.4661589602411206,0.9560617041939765,0.3333333333333333,1.0,sparse_day
229,0.19710419543100247,0.9936124610194969,0.4166666666666667,0.0,sparse_day
230,0.3846932032745084,0.9257136957980506,0.75,1.0,dense_day
231,0.41793033408288216,0.9477215511580235,0.4166666666666667,1.0,sparse_day
232,0.5824285861750137,0.7490286168362629,0.4166666666666667,1.0,sparse_day
233,0.3528723527522812,0.8664800195105915,0.4166666666666667,0.3870967741935484,sparse_day
234,0.011840122620029753,0.795890198828245,0.9166666666666666,0.7419354838709677,dense_day
235,0.2578165711880101,0.935860320294719,0.6666666666666666,1.0,dense_day
236,0.009795884162467853,0.9083889888421455,0.25,0.0,sparse_day
237,0.21507108073677553,0.8728982909994332,0.5833333333333334,0.16129032258064516,dense_day
238,0.3721661419682364,0.9211670124173605,0.9166666666666666,0.0,dense_day
239,0.2797696613590462,0.9536036989813442,0.8333333333333334,1.0,dense_day
240,0.12764855139931588,0.9468536293926935,0.5833333333333334,1.0,dense_day
241,0.29445605702590333,0.9456000006800733,0.4166666666666667,0.0,sparse_day
242,0.3984228232746067,0.9859034437718791,0.9166666666666666,1.0,dense_day
243,0.09060313046436973,0.9394136591571022,1.0,1.0,dense_day
244,0.34843052157589083,0.9447524821062442,0.8333333333333334,0.0,dense_day
245,0.1211723688017886,0.8560980466127488,0.6666666666666666,0.0,dense_day
246,0.3129524697853569,0.8915264026311778,0.6666666666666666,0.0,dense_day
247,0.30504297725306995,0.91908345886779,0.75,1.0,dense_day
248,0.3235784444677394,0.9430456278838278,0.5,0.0,dense_day
249,0.2837771617751706,0.9814714989003839,0.6666666666666666,0.0,dense_day
250,0.4508222958138469,0.9630797689452184,0.75,1.0,dense_day
251,0.42194307831527683,0.9340185925615644,0.9166666666666666,1.0,dense_day
252,0.25587572276675513,0.9120543164879112,0.8333333333333334,1.0,dense_day
253,0.2901550646006169,0.6805228250854785,0.6666666666666666,1.0,dense_day
254,0.16290708413474705,0.9590546107674752,1.0,1.0,dense_day
255,0.12250137295944159,0.5680285318175251,0.75,1.0,dense_day
256,0.20041419248296202,0.907350798162102,0.75,0.3548387096774194,dense_day
257,0.47140943483923103,0.9721668404763886,0.75,0.8387096774193549,dense_day
258,0.36964882843913544,0.9694890174776819,0.75,1.0,dense_day
259,0.28068077625997107,0.9572320740170649,0.75,1.0,dense_day
260,0.1400053139505283,0.9783884210991523,0.75,1.0,dense_day
261,0.4117360409432556,0.9468619273467292,0.75,1.0,dense_day
262,0.356264833380956,0.8502753093794992,0.8333333333333334,1.0,dense_day
263,0.1930491961806168,0.8871319721236,0.4166666666666667,0.0,sparse_day
264,0.2697156424988653,0.890254743327037,0.3333333333333333,0.0,sparse_day
265,0.08397550525344016,0.7454801379458302,0.4166666666666667,0.0,sparse_day
266,0.22488494887643629,0.9825486823078582,0.4166666666666667,1.0,sparse_day
267,0.2722915219722196,0.4166429414787317,0.4166666666666667,1.0,sparse_day
268,0.21218225400431523,0.9828626861567464,0.16666666666666666,1.0,sparse_day
269,0.31360384015692955,0.9720989489815123,0.4166666666666667,0.0,sparse_day
270,0.09374876984369993,0.8758876065461026,0.6666666666666666,1.0,dense_day
271,0.34158718502790314,0.9775124179492365,1.0,1.0,dense_day
272,0.4763486671858095,0.9537277205429017,0.8333333333333334,1.0,dense_day
273,0.2009211979957883,0.9548900973946166,0.4166666666666667,1.0,sparse_day
274,0.3634196658116309,0.9445843977457241,0.8333333333333334,0.0,dense_day
275,0.14401503360905366,0.9481874079126761,1.0,1.0,dense_day
276,0.1618257698255991,0.9637839399966359,1.0,1.0,dense_day
277,0.14827980610405872,0.9454913088030636,1.0,1.0,dense_day
278,0.33854014016245937,0.891101260781527,1.0,0.0,dense_day
279,0.16711907762135947,0.6785230212923394,1.0,1.0,dense_day
280,0.3156684390918301,0.8989344065438978,0.6666666666666666,1.0,dense_day
281,0.5124733180567712,0.9151913014234374,0.9166666666666666,1.0,dense_day
282,0.2426614685141824,0.9136681853104303,1.0,1.0,dense_day
283,0.34690674137650934,0.9854033865757208,1.0,1.0,dense_day
284,0.24348117472709918,0.9088218444870766,1.0,1.0,dense_day
285,0.1661888046391189,0.9163750984824989,1.0,1.0,dense_day
286,0.18196420084153228,0.8100969464075986,0.9166666666666666,1.0,dense_day
287,0.3003225869421994,0.9768749134921869,0.5833333333333334,1.0,dense_day
288,0.4963033342591857,0.7372158553686756,0.75,1.0,dense_day
289,0.2838473896424299,0.8775811552757178,0.3333333333333333,1.0,sparse_day
290,0.5996037842249727,0.9550085192267326,0.25,1.0,sparse_day
291,0.1623733889352742,0.9759271605621167,0.3333333333333333,0.0,sparse_day
292,0.029533094074385945,0.8614081033408755,0.5,0.0,dense_day
293,0.2669604160436169,0.8091819709242536,0.4166666666666667,1.0,sparse_day
294,0.3430019185046088,0.8509943995736855,0.3333333333333333,0.0,sparse_day
295,0.18959447594898152,0.8472103354282643,0.16666666666666666,0.1935483870967742,sparse_day
296,0.3867253831176974,0.869077123947123,0.08333333333333333,0.3870967741935484,sparse_day
297,0.5315885706905977,0.9218118467722864,0.8333333333333334,1.0,dense_day
298,0.30227002339969267,0.9633247189464613,0.5833333333333334,0.0,dense_day
299,0.22481519022501775,0.9618028080273248,0.9166666666666666,1.0,dense_day
300,0.3227770599008084,0.8915120926265947,0.75,1.0,dense_day
301,0.24010261816538592,0.9590393989976385,0.8333333333333334,1.0,dense_day
302,0.47153548114215865,0.8929250110622651,0.6666666666666666,1.0,dense_day
303,0.48613137357643044,0.9669946383105152,0.75,0.0,dense_day
304,0.0986439741274079,0.526838300498601,0.6666666666666666,0.0,dense_day
305,0.38502919410215386,0.9850296388236403,0.8333333333333334,1.0,dense_day
306,0.3538363304854953,0.5921689715952032,0.8333333333333334,1.0,dense_day
307,0.12103691056512847,0.9591016624294132,0.25,0.06451612903225806,sparse_day
308,0.5844249367383126,0.9274952796671138,0.75,1.0,dense_day
309,0.41103999529801405,0.9327876496876822,0.8333333333333334,1.0,dense_day
310,0.23918002522272375,0.9535360476396797,0.75,0.0,dense_day
311,0.2606723544275471,0.9091645867481166,0.3333333333333333,0.3548387096774194,sparse_day
312,0.40726791734147355,0.9904746455615145,0.6666666666666666,1.0,dense_day
313,0.30790951282810636,0.8172632176318096,0.3333333333333333,0.0,sparse_day
314,0.2703136386048611,0.9088507498786214,0.5,0.9032258064516129,dense_day
315,0.26704090955798154,0.9640145992149719,0.5,1.0,dense_day
316,0.5001136956966569,0.9088614443631606,0.4166666666666667,1.0,sparse_day
317,0.42237360452843414,0.9827559117688917,0.5,1.0,dense_day
318,0.2888958688014467,0.9866525053627979,0.5,1.0,dense_day
319,0.3913370759688067,0.9872847025766152,0.3333333333333333,1.0,sparse_day
320,0.2614151725438224,0.940317931645246,0.5,0.0,dense_day
321,0.5030513089512049,0.9542876027918386,0.5,1.0,dense_day
322,0.29294022653483,0.8866661314528044,0.4166666666666667,0.0,sparse_day
323,0.59339774985698,0.9765684414288207,0.5,1.0,dense_day
324,0.5021052579103645,0.9263679975695536,0.16666666666666666,1.0,sparse_day
325,0.17097571091227642,0.8911371964904876,0.4166666666666667,0.0,sparse_day
326,0.3155880991859556,0.9424900280849839,0.25,0.0,sparse_day
327,0.49057978614970005,0.9272014357934847,0.5,1.0,dense_day
328,0.2748436516232434,0.8284613665317128,0.4166666666666667,1.0,sparse_day
329,0.5725611595288118,0.8800269908915652,0.25,1.0,sparse_day
330,0.5335183217080801,0.9726422218934221,0.4166666666666667,1.0,sparse_day
331,0.3887467403607073,0.9651462684491947,0.5,0.4838709677419355,dense_day
332,0.4577232680347591,0.9423997700286385,0.5833333333333334,1.0,dense_day
333,0.4930977078695705,0.9695514150086757,0.5833333333333334,1.0,dense_day
334,0.2816945901379838,0.8742920372546326,0.6666666666666666,1.0,dense_day
335,0.05641459017193184,0.9403350401965486,0.25,1.0,sparse_day
336,0.2560059911075446,0.8929829056300855,0.5833333333333334,1.0,dense_day
337,0.030513267142961088,0.9135691004548707,0.5833333333333334,1.0,dense_day
338,0.3302020090575971,0.974899210609729,0.8333333333333334,0.0,dense_day
339,0.21481484947690838,0.8968526093316617,0.9166666666666666,1.0,dense_day
340,0.43991928419240256,0.9623390891166901,0.6666666666666666,1.0,dense_day
341,0.21093503057751786,0.8398846202837145,0.75,0.0,dense_day
342,0.32539967696609506,0.9558435998057669,0.8333333333333334,1.0,dense_day
343,0.37618700215676193,0.9724094495650902,0.8333333333333334,1.0,dense_day
344,0.20362875555270174,0.7562233043344445,0.5,1.0,dense_day
345,0.4231215292656667,0.9508811219717558,0.75,1.0,dense_day
346,0.181963163472107,0.5715281600318187,0.5833333333333334,1.0,dense_day
347,0.18978187735689514,0.976683174723502,0.5,1.0,dense_day
348,0.21260792283834312,0.8019963540152154,0.5,0.0,dense_day
349,0.27986371941752747,0.8727769031027199,0.5,1.0,dense_day
350,0.3372055234709415,0.9441624659825617,0.4166666666666667,1.0,sparse_day
351,0.36046153911190165,0.9469581751357675,0.75,1.0,dense_day
352,0.40862490648078614,0.9537557204671157,0.4166666666666667,0.0,sparse_day
353,0.26349107238105723,0.9074451762742435,0.6666666666666666,1.0,dense_day
354,0.14806253618137075,0.9565439142200376,0.5,0.0,dense_day
355,0.3279822769402012,0.873711590933906,0.5,0.0,dense_day
356,0.3867021330356649,0.9343856607644035,0.4166666666666667,1.0,sparse_day
357,0.40375968408027973,0.8581279013005142,0.6666666666666666,1.0,dense_day
358,0.40450815093956377,0.9484929715762881,0.4166666666666667,0.0,sparse_day
359,0.2639376314581454,0.7821254967677589,0.3333333333333333,1.0,sparse_day
360,0.25195121220140143,0.9081644359867571,0.3333333333333333,1.0,sparse_day
361,0.23060054371295552,0.9301287707810114,0.4166666666666667,0.0,sparse_day
362,0.24340498231852645,0.9400697628027469,0.5,0.41935483870967744,dense_day
363,0.2623974135054865,0.9692786821308086,0.4166666666666667,0.06451612903225806,sparse_day
364,0.31509775015878333,0.741228982364674,0.5,1.0,dense_day
365,0.24536744615177528,0.8668073550102557,0.4166666666666667,0.06451612903225806,sparse_day
366,0.19185361445436194,0.9505777458423058,0.25,1.0,sparse_day
367,0.15311093727096736,0.9471214456698687,0.5,0.0,dense_day
368,0.38100808010517956,0.8189863350095089,0.3333333333333333,1.0,sparse_day
369,0.3769048272181187,0.9686978300286437,0.5,1.0,dense_day
370,0.1751879766995934,0.8967284582812656,0.4166666666666667,1.0,sparse_day
371,0.2762012329185209,0.8001859735574905,0.5,0.0,dense_day
372,0.27476309691086237,0.9184611135526647,0.75,0.0,dense_day
373,0.4462300691801889,0.9747613930956058,0.5833333333333334,1.0,dense_day
374,0.44692924400171147,0.8803842166180462,0.3333333333333333,0.0,sparse_day
375,0.25394215916848506,0.912724796424186,0.5833333333333334,1.0,dense_day
376,0.2632015984716035,0.9790447981345655,0.5,1.0,dense_day
377,0.2892536472126981,0.9645144637552574,0.4166666666666667,1.0,sparse_day
378,0.28369057556536387,0.9280546804787978,0.4166666666666667,1.0,sparse_day
379,0.2572858202687958,0.8456576146389811,0.16666666666666666,1.0,sparse_day
380,0.15574373552133733,0.9414707659962974,0.25,1.0,sparse_day
381,0.3534355480866713,0.8474306494057493,0.25,1.0,sparse_day
382,0.36336402658285694,0.7643426641545362,0.25,1.0,sparse_day
383,0.42102690414073474,0.9576945012954795,0.16666666666666666,1.0,sparse_day
384,0.7185622388911918,0.9193387399517393,0.5833333333333334,1.0,dense_day
385,0.49538324088557023,0.9103747568257916,0.4166666666666667,1.0,sparse_day
386,0.12394151603210363,0.836982465629839,0.4166666666666667,0.0,sparse_day
387,0.32848616908082945,0.9369666897235934,0.4166666666666667,1.0,sparse_day
388,0.2027780890552334,0.788307833563958,0.4166666666666667,0.0,sparse_day
389,0.4339665704969482,0.974429759350593,0.3333333333333333,1.0,sparse_day
390,0.38745646915379134,0.9136787598774548,0.25,1.0,sparse_day
391,0.39602234068887865,0.9160555396867001,0.25,0.0,sparse_day
392,0.4328713514564639,0.8359462257510523,0.25,1.0,sparse_day
393,0.16996119254092792,0.871168572649971,0.16666666666666666,1.0,sparse_day
394,0.3761810884997166,0.8743216003245284,0.25,1.0,sparse_day
395,0.1323638194393179,0.782308900122501,0.4166666666666667,1.0,sparse_day
396,0.29462332548620174,0.9072449914993561,0.4166666666666667,1.0,sparse_day
397,0.9066430712697328,0.9343510743906493,0.5,1.0,dense_day
398,0.2125761856373129,0.9050518488925172,0.3333333333333333,1.0,sparse_day
399,0.5001325059931044,0.9887640096422047,0.5833333333333334,1.0,dense_day
400,0.15911299986829625,0.7964233535805797,0.4166666666666667,1.0,sparse_day
401,0.19070745720170096,0.9450938519910507,0.4166666666666667,1.0,sparse_day
402,0.3988687860634334,0.9019282864696414,0.5,0.0,dense_day
403,0.24052355693408517,0.89762037453248,0.4166666666666667,1.0,sparse_day
404,0.13555183505328972,0.5624918388640647,0.25,0.0,sparse_day
405,0.4558446405235493,0.7947555479871631,0.3333333333333333,0.0,sparse_day
406,0.4601118959440326,0.6348975039061533,0.5,1.0,dense_day
407,0.1877808406927609,0.9391768109722446,0.3333333333333333,1.0,sparse_day
408,0.3094817368492087,0.8169229399949601,0.4166666666666667,0.0,sparse_day
409,0.29395293455906607,0.8878169105755381,0.3333333333333333,0.0,sparse_day
410,0.1030762455319617,0.8019489428310094,0.5833333333333334,1.0,dense_day
411,0.3528383739837671,0.7679403006817546,0.08333333333333333,1.0,sparse_day
412,0.37187271226556884,0.9243844073380666,0.5,0.0,dense_day
413,0.3645729832662565,0.9344394587556167,0.16666666666666666,0.0,sparse_day
414,0.36774594821079604,0.9822844460533728,0.6666666666666666,1.0,dense_day
415,0.4500151027238043,0.8933529859241338,1.0,1.0,dense_day
416,0.1564570004043229,0.927985670673761,0.25,1.0,sparse_day
417,0.14999775001411877,0.6532737569613336,0.75,1.0,dense_day
418,0.40189961647890315,0.9650351982479057,0.4166666666666667,0.0,sparse_day
419,0.3560520694372194,0.9813135453657678,0.5833333333333334,1.0,dense_day
420,0.1269453174589101,0.8552610569439901,0.75,1.0,dense_day
421,0.14765667625970874,0.9057523209530818,0.75,1.0,dense_day
422,0.10763545797462638,0.9557961697738683,0.8333333333333334,0.0,dense_day
423,0.11046216327366688,0.923938483293884,1.0,0.0,dense_day
424,0.4305656214845415,0.9531802741417594,0.5833333333333334,1.0,dense_day
425,0.18769750864759283,0.8084837621768596,0.5833333333333334,0.0,dense_day
426,0.17057871354407556,0.7453466558244037,1.0,1.0,dense_day
427,0.30962965982640905,0.8951449731168406,0.75,1.0,dense_day
428,0.20179201402674277,0.9501639995879414,0.9166666666666666,0.0,dense_day
429,0.38144352204289916,0.9499371028410043,0.8333333333333334,1.0,dense_day
430,0.15713036201337305,0.9151127786132309,0.5833333333333334,0.0,dense_day
431,0.31984907036057836,0.9391829339434663,0.5,0.0,dense_day
432,0.39808098232596406,0.9926351152026895,1.0,1.0,dense_day
433,0.21474514426733224,0.9607641351483783,0.5,1.0,dense_day
434,0.21137543219835553,0.9559473674524581,0.3333333333333333,1.0,sparse_day
435,0.365443339076869,0.8811815357310829,0.5833333333333334,0.0,dense_day
436,0.20479259357187837,0.9236856039227732,0.6666666666666666,0.7419354838709677,dense_day
437,0.16066604204237617,0.9482194522244506,0.75,1.0,dense_day
438,0.3797128930200337,0.9773131865156838,0.5,0.0,dense_day
439,0.3553225211256778,0.6787574109693784,0.5833333333333334,1.0,dense_day
440,0.21885549925959333,0.8496327363272852,0.6666666666666666,1.0,dense_day
441,0.2372441807039566,0.9485362607793028,0.5833333333333334,0.0,dense_day
442,0.3416049777530379,0.9602806870970576,0.6666666666666666,1.0,dense_day
443,0.3249166198303595,0.8842013350720774,0.5,0.0,dense_day
444,0.26297159787286595,0.980902052365457,0.6666666666666666,0.0,dense_day
445,0.5594193514742624,0.890632478346103,0.9166666666666666,1.0,dense_day
446,0.17627899272777267,0.8321000468182781,0.8333333333333334,1.0,dense_day
447,0.551955402103051,0.855386566954347,0.6666666666666666,1.0,dense_day
448,0.22987775788041617,0.9043344841886913,0.5833333333333334,1.0,dense_day
449,0.008414947318760812,0.7123487051912019,0.6666666666666666,0.0,dense_day
450,0.27748298220068535,0.8459785002881584,0.75,1.0,dense_day
451,0.4110008351202131,0.8914233704766784,0.5,1.0,dense_day
452,0.3152178591636641,0.8833789368669309,0.5,1.0,dense_day
453,0.15804190482147554,0.8610643153185651,0.25,0.0,sparse_day
454,0.32195329525065025,0.911528298581853,0.8333333333333334,0.0,dense_day
455,0.3655325426242935,0.8805538029085724,0.6666666666666666,1.0,dense_day
456,0.34850628757013385,0.8307980148652454,0.3333333333333333,0.0,sparse_day
457,0.21733940685502898,0.8836858064297711,0.5,1.0,dense_day
458,0.32859621086515806,0.9195789016279506,0.5,1.0,dense_day
459,0.2085016260089328,0.9655370568028275,0.3333333333333333,1.0,sparse_day
460,0.22372726510106133,0.9462331174045605,0.5,1.0,dense_day
461,0.345251550694423,0.9405957586707793,0.5833333333333334,1.0,dense_day
462,0.39842100565538685,0.9759343227035798,0.75,0.0,dense_day
463,0.3770399489559197,0.9643974380308832,0.5833333333333334,0.0,dense_day
464,0.18848249722337093,0.9338085802396308,0.6666666666666666,0.0,dense_day
465,0.260758527910678,0.8660615757976033,0.16666666666666666,1.0,sparse_day
466,0.6599252816216836,0.05811517215572459,0.5,1.0,dense_day
467,0.31484333995795294,0.8823966107377781,0.25,1.0,sparse_day
468,0.32286855978154433,0.9833431165189868,0.5833333333333334,0.0,dense_day
469,0.36368582706323827,0.9467112158038142,0.16666666666666666,1.0,sparse_day
470,0.13221269790215334,0.9855011878522654,0.4166666666666667,0.0,sparse_day
471,0.11797757771124014,0.8969210382505708,0.5833333333333334,1.0,dense_day
472,0.4049984071361122,0.8524905205562541,0.3333333333333333,1.0,sparse_day
473,0.2932000041393806,0.9722592534328826,0.5833333333333334,1.0,dense_day
474,0.46381429629661175,0.9011748633347301,0.5,0.0,dense_day
475,0.25031354880394907,0.9034372588952413,0.5833333333333334,1.0,dense_day
476,0.21694079707759292,0.9165497990637987,0.3333333333333333,1.0,sparse_day
477,0.2916786990352297,0.9569926103960402,0.6666666666666666,1.0,dense_day
478,0.2899705156927054,0.9930481429009819,0.75,1.0,dense_day
479,0.6497077072690225,0.8911909850538221,0.6666666666666666,1.0,dense_day
480,0.17704202736228514,0.9429539743209954,0.9166666666666666,1.0,dense_day
481,0.1916577146535662,0.9404405264303981,0.75,1.0,dense_day
482,0.34086693631789367,0.9310537153388456,0.5,0.0,dense_day
483,0.6073973483375845,0.9863780800323192,0.8333333333333334,1.0,dense_day
484,0.21026668229456433,0.9248436356563531,0.75,0.0,dense_day
485,0.19505778536770627,0.9764016104653136,0.5833333333333334,1.0,dense_day
486,0.051409532584305896,0.777044240758589,0.3333333333333333,0.8387096774193549,sparse_day
487,0.5472797709701186,0.9885699181955088,1.0,1.0,dense_day
488,0.45170938253941706,0.9712853501474897,0.5833333333333334,1.0,dense_day
489,0.13065816302402045,0.8775945133097935,0.9166666666666666,1.0,dense_day
490,0.4164767104376955,0.8579108466588171,0.75,0.0,dense_day
491,0.6106052706101265,0.7028838403410728,0.8333333333333334,1.0,dense_day
492,0.2002545795470421,0.8696608796674126,0.5833333333333334,0.0,dense_day
493,0.10118707158299597,0.9157383657689554,0.4166666666666667,1.0,sparse_day
494,0.2734813551474384,0.9045628880495127,0.5,0.0,dense_day
495,0.3329958979773294,0.9482554228915692,0.6666666666666666,0.0,dense_day
496,0.616870173460963,0.7452365753052597,0.5833333333333334,1.0,dense_day
497,0.17429123030653002,0.9457738176366124,0.3333333333333333,1.0,sparse_day
498,0.13303257510440966,0.8716435592850145,0.3333333333333333,1.0,sparse_day
499,0.344413912697727,0.9219903239782578,0.75,0.0,dense_day
500,0.26089556681349785,0.9633910511742279,0.5,1.0,dense_day
501,0.30688573479549924,0.8504367719792999,0.5,1.0,dense_day
502,0.13329560088374534,0.9702700610031568,0.4166666666666667,1.0,sparse_day
503,0.20542938509793127,0.9692640290680327,0.25,0.0,sparse_day
504,0.1489128152861762,0.9513286612556959,0.5833333333333334,1.0,dense_day
505,0.13976031598262056,0.9562380529293505,0.75,1.0,dense_day
506,0.3213385584044884,0.9815649556348085,0.5833333333333334,0.0,dense_day
507,0.3557276586103569,0.8539981104898029,0.75,1.0,dense_day
508,0.5558525952560084,0.9540582888786425,0.9166666666666666,1.0,dense_day
509,0.08812914310663353,0.8961063338365124,0.6666666666666666,0.0,dense_day
510,0.33561222171259214,0.8853029938234981,0.75,1.0,dense_day
511,0.18853385748212653,0.9712649256369189,0.75,0.967741935483871,dense_day
512,0.552257676286324,0.818235093156488,0.8333333333333334,1.0,dense_day
513,0.17801942269628862,0.9381051362149532,0.5833333333333334,1.0,dense_day
514,0.1861375539584925,0.92818694901483,0.4166666666666667,1.0,sparse_day
515,0.34906492731860367,0.8560227314195133,0.5833333333333334,1.0,dense_day
516,0.46650209480253174,0.9532854546530786,0.75,0.0,dense_day
517,0.33311922275125583,0.8943653127835077,0.25,1.0,sparse_day
518,0.1930510306623293,0.9532830827610936,0.4166666666666667,0.8064516129032258,sparse_day
519,0.4010251040032025,0.8846744334218932,0.6666666666666666,1.0,dense_day
520,0.31694486395333044,0.8618832817602217,0.5,0.0,dense_day
521,0.4231179496294397,0.8475701535629512,0.5833333333333334,0.0,dense_day
522,0.3106046812956944,0.897970921913502,0.4166666666666667,1.0,sparse_day
523,0.39425453488196543,0.75361834262533,0.3333333333333333,1.0,sparse_day
524,0.3446448974220507,0.8915048716578358,0.4166666666666667,1.0,sparse_day
525,0.16049666767453233,0.9014183035695731,0.5,0.1935483870967742,dense_day
526,0.243492527031111,0.9292733669764083,0.3333333333333333,1.0,sparse_day
527,0.34002023547527355,0.9672356295871531,0.5833333333333334,1.0,dense_day
528,0.18075817868265767,0.888705870717139,0.6666666666666666,0.967741935483871,dense_day
529,0.43484170374216574,0.9400731483420998,0.5833333333333334,1.0,dense_day
530,0.5282438409849044,0.9063642910302049,0.6666666666666666,0.06451612903225806,dense_day
531,0.22762282000866568,0.840550305724575,0.5833333333333334,1.0,dense_day
532,0.25190148413484853,0.9431299039087618,0.6666666666666666,1.0,dense_day
533,0.3915208160253823,0.9104101147549626,0.4166666666666667,0.0,sparse_day
534,0.3166796726104865,0.6613315198651812,0.5833333333333334,1.0,dense_day
535,0.4004318541185403,0.9572670979700277,0.5,0.0,dense_day
536,0.021348321770923273,0.91520670247256,0.8333333333333334,0.6774193548387096,dense_day
537,0.4902150702817106,0.9728868347830872,0.6666666666666666,1.0,dense_day
538,0.18959323169089662,0.6646482553935262,0.75,1.0,dense_day
539,0.1519590051533463,0.5999807986012311,0.75,0.5161290322580645,dense_day
540,0.4373652919716559,0.9649475898425727,0.75,1.0,dense_day
541,0.19819783443764677,0.7235349844040571,0.5833333333333334,0.0,dense_day
542,0.55844089122592,0.9574346364173484,0.75,1.0,dense_day
543,0.7063153571206954,0.9166057696519727,0.6666666666666666,1.0,dense_day
544,0.36960561546666193,0.8411085200354478,0.5833333333333334,1.0,dense_day
545,0.2854549371201542,0.9852167780821324,0.6666666666666666,0.967741935483871,dense_day
546,0.4295855518395186,0.93576374977293,0.5833333333333334,1.0,dense_day
547,0.3127985595382941,0.9834160660842677,0.75,0.967741935483871,dense_day
548,0.3565388867189396,0.8897310438215259,0.8333333333333334,1.0,dense_day
549,0.20043832071917367,0.9699856556469715,0.75,0.0,dense_day
550,0.21982945200595688,0.9355430375741722,0.75,1.0,dense_day
551,0.24822980009329668,0.9823941389011941,0.6666666666666666,1.0,dense_day
552,0.35754276958263315,0.954733320049185,0.5,1.0,dense_day
553,0.5346444709203595,0.9442668918084122,0.5833333333333334,1.0,dense_day
554,0.17309675186717033,0.9641005808637979,0.3333333333333333,0.0,sparse_day
555,0.2192601025862632,0.4944840542905702,0.5,1.0,dense_day
556,0.2930504149901045,0.6485852153637959,0.5833333333333334,0.0,dense_day
557,0.11395170936057898,0.9492352020227512,0.3333333333333333,0.0,sparse_day
558,0.27234771931532886,0.8833177852941014,0.5,0.0,dense_day
559,0.2927966159636981,0.8253221346479445,0.25,1.0,sparse_day
560,0.37183206441770866,0.9499734026943105,0.4166666666666667,1.0,sparse_day
561,0.1676099016034823,0.8469608415112643,0.4166666666666667,1.0,sparse_day
562,0.20476177360409198,0.9948195686887754,0.3333333333333333,1.0,sparse_day
563,0.4157254475279872,0.8585557135025068,0.5,1.0,dense_day
564,0.21483501215045547,0.8257216778291457,0.4166666666666667,0.0,sparse_day
565,0.246372436544834,0.8841899964495366,0.3333333333333333,1.0,sparse_day
566,0.6756369066346083,0.8863408910095554,0.5,1.0,dense_day
567,0.3924756742092272,0.873255076793098,0.5,1.0,dense_day
568,0.18746982059754969,0.8888672696284547,0.25,1.0,sparse_day
569,0.4393250567097125,0.8777450717975166,0.25,1.0,sparse_day
570,0.19995260505338178,0.9597607077689906,0.3333333333333333,1.0,sparse_day
571,0.07110621745679156,0.9374569591364095,0.5,1.0,dense_day
572,0.22206010685222013,0.9650917885280572,0.4166666666666667,1.0,sparse_day
573,0.30301407248663864,0.9792052701839984,0.3333333333333333,0.0,sparse_day
574,0.4557949050875127,0.9736003707829485,0.5,1.0,dense_day
575,0.230133483648154,0.9953420157362348,0.4166666666666667,0.8709677419354839,sparse_day
576,0.3411403087224259,0.9597538502464256,0.25,0.5806451612903226,sparse_day
577,0.20665913798036745,0.9237208535184377,0.3333333333333333,1.0,sparse_day
578,0.2327902607690972,0.8546142680208249,0.5833333333333334,0.0,dense_day
579,0.37651277222272017,0.9766251439189156,0.4166666666666667,1.0,sparse_day
580,0.14683420927100146,0.9258059926039994,0.08333333333333333,0.0,sparse_day
581,0.5653352984801204,0.9701226403378981,0.3333333333333333,1.0,sparse_day
582,0.36757177528275825,0.9770448069606306,0.4166666666666667,0.0,sparse_day
583,0.14935181241900333,0.85407472005413,0.3333333333333333,0.0,sparse_day
584,0.18827776940302107,0.6635594717410762,0.4166666666666667,0.0,sparse_day
585,0.25538334189867556,0.9175633332605204,0.3333333333333333,0.0,sparse_day
586,0.41930571928733934,0.8987893970940704,0.5833333333333334,1.0,dense_day
587,0.08882374286594921,0.9452241317494582,0.5833333333333334,1.0,dense_day
588,0.29214015131954835,0.8483530586041207,0.25,0.0,sparse_day
589,0.4210985926714747,0.9678642481455965,0.5833333333333334,0.0,dense_day
590,0.3508490700226743,0.9834355976296199,0.6666666666666666,1.0,dense_day
591,0.3965038408232149,0.8659880852343321,0.25,1.0,sparse_day
592,0.33280175930068656,0.9165683552576636,0.25,0.0,sparse_day
593,0.2528836997584427,0.9661974287833082,0.5833333333333334,1.0,dense_day
594,0.4079339315593351,0.9630612727592995,0.5833333333333334,1.0,dense_day
595,0.2647248697386736,0.8941282581437846,0.6666666666666666,1.0,dense_day
596,0.1866533273154288,0.7870788161925518,0.8333333333333334,1.0,dense_day
597,0.378353982404992,0.9288693020683847,0.6666666666666666,1.0,dense_day
598,0.25875247539486673,0.7971315931020766,0.4166666666666667,0.0,sparse_day
599,0.3848969036714279,0.9362571208986503,0.5,1.0,dense_day
600,0.4276855001712055,0.9723300549534023,0.4166666666666667,1.0,sparse_day
601,0.28064899130026166,0.9129450591085996,0.16666666666666666,1.0,sparse_day
602,0.8121994619623149,0.9711372472283231,0.25,1.0,sparse_day
603,0.14831717022144233,0.9633558738713195,0.16666666666666666,1.0,sparse_day
604,0.4571812206786798,0.9725210679294257,0.3333333333333333,1.0,sparse_day
605,0.4232256752892625,0.8824814221586619,0.3333333333333333,0.0,sparse_day
606,0.23564197431088005,0.9857449413519882,0.3333333333333333,1.0,sparse_day
607,0.04602177778842058,0.913204562688066,0.25,0.0,sparse_day
608,0.31853826284191494,0.9026142956460508,0.3333333333333333,1.0,sparse_day
609,0.15665050313668205,0.9875338591495927,0.25,0.0,sparse_day
610,0.31625905853610015,0.6852736884224209,0.3333333333333333,1.0,sparse_day
611,0.3317074244430011,0.7872686834970156,0.16666666666666666,1.0,sparse_day
