domain,seed,rel,a_triad,ts,sr,gc
RLV,0,0.8569376806519196,0.7144166899678192,0.9170841307457028,0.8700833333333334,1.0
RLV,1,0.8600357706144908,0.7248041846791247,0.9170841307457028,0.8700833333333334,1.0
RLV,2,0.8531291336838351,0.7018005835235389,0.9170841307457028,0.8700833333333334,1.0
RLV,3,0.8567865851722166,0.7139129586515329,0.9170841307457028,0.8700833333333334,1.0
RLV,4,0.8522458790176887,0.6988987641204579,0.9170841307457028,0.8700833333333334,1.0
RLV,5,0.8592365547395638,0.7221137475339555,0.9170841307457028,0.8700833333333334,1.0
RLV,6,0.8576736823203713,0.7168742300434349,0.9170841307457028,0.8700833333333334,1.0
RLV,7,0.85804700346013,0.718123185653523,0.9170841307457028,0.8700833333333334,1.0
RLV,8,0.8621453131698524,0.7319417488142926,0.9170841307457028,0.8700833333333334,1.0
RLV,9,0.8595937472739678,0.723315253781997,0.9170841307457028,0.8700833333333334,1.0
RLV,10,0.8599671593764541,0.724572920987472,0.9170841307457028,0.8700833333333334,1.0
RLV,11,0.8567124153482817,0.7136657842721097,0.9170841307457028,0.8700833333333334,1.0
RLV,12,0.8625618905833202,0.7333574334334892,0.9170841307457028,0.8700833333333334,1.0
RLV,13,0.8572117211961416,0.7153309831559178,0.9170841307457028,0.8700833333333334,1.0
RLV,14,0.8522995400204044,0.6990748032266837,0.9170841307457028,0.8700833333333334,1.0
RLV,15,0.8588480119529105,0.7208084872608903,0.9170841307457028,0.8700833333333334,1.0
RLV,16,0.8520436875634294,0.6982357579119706,0.9170841307457028,0.8700833333333334,1.0
RLV,17,0.8592186514042526,0.7220535646172781,0.9170841307457028,0.8700833333333334,1.0
RLV,18,0.8538842666793723,0.7042886327039475,0.9170841307457028,0.8700833333333334,1.0
RLV,19,0.8558131242038136,0.7106739588725736,0.9170841307457028,0.8700833333333334,1.0
RLV,20,0.8605682667591656,0.726600919396401,0.9170841307457028,0.8700833333333334,1.0
RLV,21,0.8546442439663102,0.7067993165437595,0.9170841307457028,0.8700833333333334,1.0
RLV,22,0.8531963880826591,0.7020219087884737,0.9170841307457028,0.8700833333333334,1.0
RLV,23,0.8525843544319016,0.7000097158729567,0.9170841307457028,0.8700833333333334,1.0
RLV,24,0.8589208361068051,0.7210529959250712,0.9170841307457028,0.8700833333333334,1.0
RLV,25,0.8526706664533247,0.7002932229712563,0.9170841307457028,0.8700833333333334,1.0
RLV,26,0.8554173431828899,0.7093602318389857,0.9170841307457028,0.8700833333333334,1.0
RLV,27,0.8549422121041195,0.7077855226400618,0.9170841307457028,0.8700833333333334,1.0
RLV,28,0.8539985262638247,0.704665676212815,0.9170841307457028,0.8700833333333334,1.0
RLV,29,0.8618214260598412,0.7308424773233063,0.9170841307457028,0.8700833333333334,1.0
RLV,30,0.8581560319821478,0.7184882511271775,0.9170841307457028,0.8700833333333334,1.0
RLV,31,0.8525365031493187,0.6998525769684849,0.9170841307457028,0.8700833333333334,1.0
RLV,32,0.8508161087370797,0.6942205232825235,0.9170841307457028,0.8700833333333334,1.0
RLV,33,0.8571681630462601,0.7151855996126509,0.9170841307457028,0.8700833333333334,1.0
RLV,34,0.8624476532312505,0.7329690083446985,0.9170841307457028,0.8700833333333334,1.0
RLV,35,0.8587112645578324,0.7203495229613924,0.9170841307457028,0.8700833333333334,1.0
RLV,36,0.8523296040587383,0.6991734451841346,0.9170841307457028,0.8700833333333334,1.0
RLV,37,0.8518468575792408,0.6975907857358686,0.9170841307457028,0.8700833333333334,1.0
RLV,38,0.856285080960946,0.7122429225683625,0.9170841307457028,0.8700833333333334,1.0
RLV,39,0.8560438225321957,0.711440563614726,0.9170841307457028,0.8700833333333334,1.0
RLV,40,0.850434591226485,0.6929761688892918,0.9170841307457028,0.8700833333333334,1.0
RLV,41,0.8540726571025913,0.7049103804275277,0.9170841307457028,0.8700833333333334,1.0
RLV,42,0.8567053607107805,0.7136422777085154,0.9170841307457028,0.8700833333333334,1.0
RLV,43,0.8579319099653842,0.7177379634981321,0.9170841307457028,0.8700833333333334,1.0
RLV,44,0.8544958991229666,0.7063087136348846,0.9170841307457028,0.8700833333333334,1.0
RLV,45,0.8546949304608569,0.706967004407407,0.9170841307457028,0.8700833333333334,1.0
RLV,46,0.8511910326829326,0.6954450040589791,0.9170841307457028,0.8700833333333334,1.0
RLV,47,0.8548350698832761,0.7074307877466021,0.9170841307457028,0.8700833333333334,1.0
RLV,48,0.8572541314769464,0.7154725567652709,0.9170841307457028,0.8700833333333334,1.0
RLV,49,0.8634881946994767,0.7365127180279831,0.9170841307457028,0.8700833333333334,1.0
RLV,50,0.8578234539593962,0.7173750991153068,0.9170841307457028,0.8700833333333334,1.0
RLV,51,0.8562645664741712,0.7121746706589335,0.9170841307457028,0.8700833333333334,1.0
RLV,52,0.8527898040313245,0.7006846928752294,0.9170841307457028,0.8700833333333334,1.0
RLV,53,0.8550135277206198,0.7080217139348249,0.9170841307457028,0.8700833333333334,1.0
RLV,54,0.8528780038509839,0.7009746112183458,0.9170841307457028,0.8700833333333334,1.0
RLV,55,0.8513223845683943,0.6958743749324636,0.9170841307457028,0.8700833333333334,1.0
RLV,56,0.8549172584294377,0.7077028921362358,0.9170841307457028,0.8700833333333334,1.0
RLV,57,0.8582060428019324,0.7186557513311548,0.9170841307457028,0.8700833333333334,1.0
RLV,58,0.8556273978785635,0.7100572452520462,0.9170841307457028,0.8700833333333334,1.0
RLV,59,0.8534776972322067,0.7029482271847084,0.9170841307457028,0.8700833333333334,1.0
RLV,60,0.8609838249060806,0.7280054039543632,0.9170841307457028,0.8700833333333334,1.0
RLV,61,0.8533060166434067,0.7023827939830527,0.9170841307457028,0.8700833333333334,1.0
RLV,62,0.8544065571386598,0.7060133669813045,0.9170841307457028,0.8700833333333334,1.0
RLV,63,0.8525579581691098,0.6999230298706678,0.9170841307457028,0.8700833333333334,1.0
RLV,64,0.8534223485502828,0.7027658979996486,0.9170841307457028,0.8700833333333334,1.0
RLV,65,0.8487472383849368,0.687492761178134,0.9170841307457028,0.8700833333333334,1.0
RLV,66,0.8537046111133961,0.7036960959813029,0.9170841307457028,0.8700833333333334,1.0
RLV,67,0.8607580297202344,0.7272420192849521,0.9170841307457028,0.8700833333333334,1.0
RLV,68,0.8552765879097433,0.7088934582679647,0.9170841307457028,0.8700833333333334,1.0
RLV,69,0.8514934794672514,0.696433958259003,0.9170841307457028,0.8700833333333334,1.0
RLV,70,0.8568476648467979,0.714116557704473,0.9170841307457028,0.8700833333333334,1.0
RLV,71,0.8548559710029727,0.7074999783467165,0.9170841307457028,0.8700833333333334,1.0
RLV,72,0.8569206773311904,0.7143599899540428,0.9170841307457028,0.8700833333333334,1.0
RLV,73,0.8494644822801664,0.6898196041571402,0.9170841307457028,0.8700833333333334,1.0
RLV,74,0.8516266999305117,0.6968699030206914,0.9170841307457028,0.8700833333333334,1.0
RLV,75,0.8587885626294116,0.7206089309842046,0.9170841307457028,0.8700833333333334,1.0
RLV,76,0.8578019379280033,0.7173031286678904,0.9170841307457028,0.8700833333333334,1.0
RLV,77,0.8521649763278899,0.6986334193860051,0.9170841307457028,0.8700833333333334,1.0
RLV,78,0.8588194069502435,0.7207124623608495,0.9170841307457028,0.8700833333333334,1.0
RLV,79,0.8513394502078745,0.6959301747023855,0.9170841307457028,0.8700833333333334,1.0
RLV,80,0.8483158415044012,0.6860960853348063,0.9170841307457028,0.8700833333333334,1.0
RLV,81,0.8611236938148238,0.7284785842107478,0.9170841307457028,0.8700833333333334,1.0
RLV,82,0.8589977392045555,0.7213112672550533,0.9170841307457028,0.8700833333333334,1.0
RLV,83,0.8514548782097954,0.696307679436405,0.9170841307457028,0.8700833333333334,1.0
RLV,84,0.855364361232718,0.7091845056991829,0.9170841307457028,0.8700833333333334,1.0
RLV,85,0.8552348373633814,0.7087550491379639,0.9170841307457028,0.8700833333333334,1.0
RLV,86,0.8566514935168251,0.7134628074578259,0.9170841307457028,0.8700833333333334,1.0
RLV,87,0.8619523547503257,0.7312866995409896,0.9170841307457028,0.8700833333333334,1.0
RLV,88,0.8512639929897446,0.6956834765197387,0.9170841307457028,0.8700833333333334,1.0
RLV,89,0.8616757648818196,0.7303485077509325,0.9170841307457028,0.8700833333333334,1.0
RLV,90,0.8560572016279275,0.711485041031909,0.9170841307457028,0.8700833333333334,1.0
RLV,91,0.8573209116760272,0.7156955244073938,0.9170841307457028,0.8700833333333334,1.0
RLV,92,0.8585595299423341,0.7198405137273659,0.9170841307457028,0.8700833333333334,1.0
RLV,93,0.8562638451248571,0.7121722708115917,0.9170841307457028,0.8700833333333334,1.0
RLV,94,0.853021887284273,0.7014477581815455,0.9170841307457028,0.8700833333333334,1.0
RLV,95,0.8502916541528204,0.6925103975426065,0.9170841307457028,0.8700833333333334,1.0
RLV,96,0.8444972044176237,0.6738255863094871,0.9170841307457028,0.8700833333333334,1.0
RLV,97,0.8537761047029997,0.7039318500319868,0.9170841307457028,0.8700833333333334,1.0
RLV,98,0.8529111728355326,0.7010836630279899,0.9170841307457028,0.8700833333333334,1.0
RLV,99,0.854573112697006,0.7065640408409087,0.9170841307457028,0.8700833333333334,1.0
RLV,100,0.8567253744125434,0.7137089663268621,0.9170841307457028,0.8700833333333334,1.0
RLV,101,0.8503527825652644,0.6927095603882641,0.9170841307457028,0.8700833333333334,1.0
RLV,102,0.8591274461272588,0.7217470321167925,0.9170841307457028,0.8700833333333334,1.0
RLV,103,0.85240717506376,0.6994280086348751,0.9170841307457028,0.8700833333333334,1.0
RLV,104,0.8582080637230723,0.7186625205761042,0.9170841307457028,0.8700833333333334,1.0
RLV,105,0.8591317087960002,0.7217613563776419,0.9170841307457028,0.8700833333333334,1.0
RLV,106,0.8519088155773429,0.6977937613946751,0.9170841307457028,0.8700833333333334,1.0
RLV,107,0.8545778615565811,0.7065797464666996,0.9170841307457028,0.8700833333333334,1.0
RLV,108,0.8526572528779814,0.7002491580602666,0.9170841307457028,0.8700833333333334,1.0
RLV,109,0.8501286961194517,0.6919796728457573,0.9170841307457028,0.8700833333333334,1.0
RLV,110,0.8552330087663216,0.708748987536235,0.9170841307457028,0.8700833333333334,1.0
RLV,111,0.8498208459968483,0.6909778934964418,0.9170841307457028,0.8700833333333334,1.0
RLV,112,0.8533230716526475,0.7024389497065733,0.9170841307457028,0.8700833333333334,1.0
RLV,113,0.8539994167011449,0.7046686151480867,0.9170841307457028,0.8700833333333334,1.0
RLV,114,0.8563369550601773,0.7124155301187775,0.9170841307457028,0.8700833333333334,1.0
RLV,115,0.8543427484374374,0.705802484940377,0.9170841307457028,0.8700833333333334,1.0
RLV,116,0.8557035168818135,0.7103099536754822,0.9170841307457028,0.8700833333333334,1.0
RLV,117,0.8503853964629323,0.6928158374955037,0.9170841307457028,0.8700833333333334,1.0
RLV,118,0.8512145888435506,0.6955219912152938,0.9170841307457028,0.8700833333333334,1.0
RLV,119,0.8585046566092623,0.7196565019719202,0.9170841307457028,0.8700833333333334,1.0
RLV,120,0.8553936995659558,0.7092818086160789,0.9170841307457028,0.8700833333333334,1.0
RLV,121,0.8523371591729249,0.6991982356193112,0.9170841307457028,0.8700833333333334,1.0
RLV,122,0.8519548664151446,0.6979446535671082,0.9170841307457028,0.8700833333333334,1.0
RLV,123,0.8550446751353254,0.7081248900849987,0.9170841307457028,0.8700833333333334,1.0
RLV,124,0.8579729104012376,0.7178751756874259,0.9170841307457028,0.8700833333333334,1.0
RLV,125,0.8551935294681619,0.7086181274085814,0.9170841307457028,0.8700833333333334,1.0
RLV,126,0.8580954996839316,0.718285550723193,0.9170841307457028,0.8700833333333334,1.0
RLV,127,0.8540517133012889,0.7048412389568219,0.9170841307457028,0.8700833333333334,1.0
RLV,128,0.8547481412179638,0.707143075477255,0.9170841307457028,0.8700833333333334,1.0
RLV,129,0.8560177294385243,0.7113538258284747,0.9170841307457028,0.8700833333333334,1.0
RLV,130,0.8584223478505661,0.719380554649339,0.9170841307457028,0.8700833333333334,1.0
RLV,131,0.8566230098483603,0.7133679216159914,0.9170841307457028,0.8700833333333334,1.0
RLV,132,0.8603976764240372,0.7260249546633867,0.9170841307457028,0.8700833333333334,1.0
RLV,133,0.8564107105248059,0.7126610004417682,0.9170841307457028,0.8700833333333334,1.0
RLV,134,0.8598832033559279,0.7242900108756771,0.9170841307457028,0.8700833333333334,1.0
RLV,135,0.8553073489667677,0.7089954486129179,0.9170841307457028,0.8700833333333334,1.0
RLV,136,0.8541781111779322,0.7052585917439522,0.9170841307457028,0.8700833333333334,1.0
RLV,137,0.8591055302668477,0.7216733894830328,0.9170841307457028,0.8700833333333334,1.0
RLV,138,0.8542895640189042,0.7056267513028486,0.9170841307457028,0.8700833333333334,1.0
RLV,139,0.85396731908469,0.7045626810813054,0.9170841307457028,0.8700833333333334,1.0
RLV,140,0.856281677741537,0.7122315996828353,0.9170841307457028,0.8700833333333334,1.0
RLV,141,0.8527682778535118,0.700613948632575,0.9170841307457028,0.8700833333333334,1.0
RLV,142,0.8616861678941886,0.7303837783827106,0.9170841307457028,0.8700833333333334,1.0
RLV,143,0.8587308726243083,0.7204153199095048,0.9170841307457028,0.8700833333333334,1.0
RLV,144,0.8551460934223368,0.7084609174010504,0.9170841307457028,0.8700833333333334,1.0
RLV,145,0.8598950614702651,0.724329964634014,0.9170841307457028,0.8700833333333334,1.0
RLV,146,0.8582631861033057,0.7188471760562031,0.9170841307457028,0.8700833333333334,1.0
RLV,147,0.8586971040328755,0.720302008619822,0.9170841307457028,0.8700833333333334,1.0
RLV,148,0.8599820540868259,0.7246231209704481,0.9170841307457028,0.8700833333333334,1.0
RLV,149,0.855243819549829,0.7087848246803606,0.9170841307457028,0.8700833333333334,1.0
RLV,150,0.8556623540108393,0.7101732881751811,0.9170841307457028,0.8700833333333334,1.0
RLV,151,0.8484293846788914,0.6864634823124866,0.9170841307457028,0.8700833333333334,1.0
RLV,152,0.8584966613639847,0.71962969373121,0.9170841307457028,0.8700833333333334,1.0
RLV,153,0.8460423443131535,0.6787706149547996,0.9170841307457028,0.8700833333333334,1.0
RLV,154,0.8573141869215947,0.7156730692452385,0.9170841307457028,0.8700833333333334,1.0
RLV,155,0.8520280038146696,0.6981843490370455,0.9170841307457028,0.8700833333333334,1.0
RLV,156,0.8551692715871835,0.7085377299676168,0.9170841307457028,0.8700833333333334,1.0
RLV,157,0.8545081467648078,0.7063492090996416,0.9170841307457028,0.8700833333333334,1.0
RLV,158,0.8560151207271752,0.7113451544738902,0.9170841307457028,0.8700833333333334,1.0
RLV,159,0.8528203456471616,0.7007850749026092,0.9170841307457028,0.8700833333333334,1.0
RLV,160,0.8584422697207423,0.7194473371833943,0.9170841307457028,0.8700833333333334,1.0
RLV,161,0.8551419455517905,0.7084471719939681,0.9170841307457028,0.8700833333333334,1.0
RLV,162,0.8566013162414642,0.7132956614257825,0.9170841307457028,0.8700833333333334,1.0
RLV,163,0.8568307100587285,0.714060037340238,0.9170841307457028,0.8700833333333334,1.0
RLV,164,0.8486543465766394,0.6871918378434071,0.9170841307457028,0.8700833333333334,1.0
RLV,165,0.8580618765305909,0.7181729776784481,0.9170841307457028,0.8700833333333334,1.0
RLV,166,0.8533430816657203,0.7025048394378796,0.9170841307457028,0.8700833333333334,1.0
RLV,167,0.8534100167340154,0.702725279461322,0.9170841307457028,0.8700833333333334,1.0
RLV,168,0.8532178019690809,0.7020923900216224,0.9170841307457028,0.8700833333333334,1.0
RLV,169,0.8616845306535765,0.7303782273567303,0.9170841307457028,0.8700833333333334,1.0
RLV,170,0.8456492063083175,0.6775098526064012,0.9170841307457028,0.8700833333333334,1.0
RLV,171,0.8589493040750849,0.7211485946507649,0.9170841307457028,0.8700833333333334,1.0
RLV,172,0.8592970664919983,0.7223171885271135,0.9170841307457028,0.8700833333333334,1.0
RLV,173,0.853475089352996,0.7029396355335308,0.9170841307457028,0.8700833333333334,1.0
RLV,174,0.8574327775095427,0.7160691420188557,0.9170841307457028,0.8700833333333334,1.0
RLV,175,0.855907402150119,0.7109871672198791,0.9170841307457028,0.8700833333333334,1.0
RLV,176,0.8539293922075833,0.7044375236824426,0.9170841307457028,0.8700833333333334,1.0
RLV,177,0.8534157078070932,0.7027440244999091,0.9170841307457028,0.8700833333333334,1.0
RLV,178,0.8531152252734957,0.7017548193295226,0.9170841307457028,0.8700833333333334,1.0
RLV,179,0.8615018406430953,0.7297590198735405,0.9170841307457028,0.8700833333333334,1.0
RLV,180,0.85861641255,0.7200313006142035,0.9170841307457028,0.8700833333333334,1.0
RLV,181,0.8514560884598008,0.6963116383457543,0.9170841307457028,0.8700833333333334,1.0
RLV,182,0.8572753963610227,0.715543550915266,0.9170841307457028,0.8700833333333334,1.0
RLV,183,0.8552852385273568,0.7089221388579,0.9170841307457028,0.8700833333333334,1.0
RLV,184,0.853587009823546,0.703308428072905,0.9170841307457028,0.8700833333333334,1.0
RLV,185,0.850645906036222,0.6936651846805276,0.9170841307457028,0.8700833333333334,1.0
RLV,186,0.8450215097878734,0.6755005214917634,0.9170841307457028,0.8700833333333334,1.0
RLV,187,0.8539973642844891,0.7046618410526463,0.9170841307457028,0.8700833333333334,1.0
RLV,188,0.8537164058913332,0.7037349858319075,0.9170841307457028,0.8700833333333334,1.0
RLV,189,0.8514217885397823,0.6961994447015211,0.9170841307457028,0.8700833333333334,1.0
RLV,190,0.8526517001109649,0.7002309172844686,0.9170841307457028,0.8700833333333334,1.0
RLV,191,0.8492118303216912,0.6889992918861054,0.9170841307457028,0.8700833333333334,1.0
RLV,192,0.8558707769189425,0.7108654792993416,0.9170841307457028,0.8700833333333334,1.0
RLV,193,0.8602349078971769,0.7254757180214416,0.9170841307457028,0.8700833333333334,1.0
RLV,194,0.8573622965156695,0.7158337274482265,0.9170841307457028,0.8700833333333334,1.0
RLV,195,0.8551996985769492,0.7086385746616003,0.9170841307457028,0.8700833333333334,1.0
RLV,196,0.8542407148840286,0.7054653713612896,0.9170841307457028,0.8700833333333334,1.0
RLV,197,0.850002942816399,0.691570325772811,0.9170841307457028,0.8700833333333334,1.0
RLV,198,0.8645145369728522,0.7400206428838163,0.9170841307457028,0.8700833333333334,1.0
RLV,199,0.8594441729542384,0.7228119408983112,0.9170841307457028,0.8700833333333334,1.0
RLV,200,0.8579170065300866,0.7176880924887773,0.9170841307457028,0.8700833333333334,1.0
RLV,201,0.8611349844369499,0.7285167907459728,0.9170841307457028,0.8700833333333334,1.0
RLV,202,0.8554704167594858,0.709536294617338,0.9170841307457028,0.8700833333333334,1.0
RLV,203,0.856040054689841,0.711428038189648,0.9170841307457028,0.8700833333333334,1.0
RLV,204,0.8541811573128316,0.7052686520546679,0.9170841307457028,0.8700833333333334,1.0
RLV,205,0.8549552041300413,0.7078285467291208,0.9170841307457028,0.8700833333333334,1.0
RLV,206,0.8542798929424703,0.7055947993528152,0.9170841307457028,0.8700833333333334,1.0
RLV,207,0.8573315868895413,0.7157311719467603,0.9170841307457028,0.8700833333333334,1.0
RLV,208,0.8483682325535239,0.6862655911815697,0.9170841307457028,0.8700833333333334,1.0
RLV,209,0.8570312442336365,0.7147287515515951,0.9170841307457028,0.8700833333333334,1.0
RLV,210,0.8556175988536308,0.7100247182472247,0.9170841307457028,0.8700833333333334,1.0
RLV,211,0.8546951015621065,0.7069675705180499,0.9170841307457028,0.8700833333333334,1.0
RLV,212,0.8600693947246905,0.7249175396155682,0.9170841307457028,0.8700833333333334,1.0
RLV,213,0.8484329802107976,0.6864751189534962,0.9170841307457028,0.8700833333333334,1.0
RLV,214,0.8563103597604973,0.7123270321424892,0.9170841307457028,0.8700833333333334,1.0
RLV,215,0.8601079491272945,0.7250475321124389,0.9170841307457028,0.8700833333333334,1.0
RLV,216,0.8545315651663499,0.7064266442861071,0.9170841307457028,0.8700833333333334,1.0
RLV,217,0.8552183940028028,0.7087005425710249,0.9170841307457028,0.8700833333333334,1.0
RLV,218,0.8564164499815502,0.7126801049581108,0.9170841307457028,0.8700833333333334,1.0
RLV,219,0.8526719956863913,0.7002975897455412,0.9170841307457028,0.8700833333333334,1.0
RLV,220,0.8559597628293909,0.7111611635527724,0.9170841307457028,0.8700833333333334,1.0
RLV,221,0.8576702899837939,0.7168628883674849,0.9170841307457028,0.8700833333333334,1.0
RLV,222,0.8571831512318988,0.7152356230089979,0.9170841307457028,0.8700833333333334,1.0
RLV,223,0.8522844209274396,0.6990252004980265,0.9170841307457028,0.8700833333333334,1.0
RLV,224,0.8567664077225268,0.7138457100077957,0.9170841307457028,0.8700833333333334,1.0
RLV,225,0.8523115880202552,0.6991143322012715,0.9170841307457028,0.8700833333333334,1.0
RLV,226,0.8593553799627789,0.7225132795494068,0.9170841307457028,0.8700833333333334,1.0
RLV,227,0.855500610553008,0.7096364721393204,0.9170841307457028,0.8700833333333334,1.0
RLV,228,0.8476948036005354,0.6840891724363227,0.9170841307457028,0.8700833333333334,1.0
RLV,229,0.8601018918999777,0.725027108018792,0.9170841307457028,0.8700833333333334,1.0
RLV,230,0.8571027599943127,0.7149673462071476,0.9170841307457028,0.8700833333333334,1.0
RLV,231,0.8599465332466352,0.7245034085774066,0.9170841307457028,0.8700833333333334,1.0
RLV,232,0.8599426036490694,0.7244901659526328,0.9170841307457028,0.8700833333333334,1.0
RLV,233,0.8512656028218702,0.6956887389849479,0.9170841307457028,0.8700833333333334,1.0
RLV,234,0.8547884095935803,0.7072763428759131,0.9170841307457028,0.8700833333333334,1.0
RLV,235,0.855102673094126,0.7083170390018957,0.9170841307457028,0.8700833333333334,1.0
RLV,236,0.8524096715771765,0.699436202555009,0.9170841307457028,0.8700833333333334,1.0
RLV,237,0.8519808179121808,0.6980296981484084,0.9170841307457028,0.8700833333333334,1.0
RLV,238,0.8533022586611839,0.7023704208153267,0.9170841307457028,0.8700833333333334,1.0
RLV,239,0.8568503425139085,0.7141254842638206,0.9170841307457028,0.8700833333333334,1.0
RLV,240,0.8572064570074887,0.715313411755694,0.9170841307457028,0.8700833333333334,1.0
RLV,241,0.8548195956629396,0.7073795655025487,0.9170841307457028,0.8700833333333334,1.0
RLV,242,0.8549901484419365,0.7079442772276553,0.9170841307457028,0.8700833333333334,1.0
RLV,243,0.8566788696169509,0.7135540126477625,0.9170841307457028,0.8700833333333334,1.0
RLV,244,0.8552821208970147,0.7089118024462034,0.9170841307457028,0.8700833333333334,1.0
RLV,245,0.853483998577716,0.7029689872759209,0.9170841307457028,0.8700833333333334,1.0
RLV,246,0.8498231013178693,0.6909852286103271,0.9170841307457028,0.8700833333333334,1.0
RLV,247,0.8558278807671303,0.7107229760059538,0.9170841307457028,0.8700833333333334,1.0
RLV,248,0.8542606867670741,0.7055313479215868,0.9170841307457028,0.8700833333333334,1.0
RLV,249,0.8542816455091062,0.7056005895193375,0.9170841307457028,0.8700833333333334,1.0
RLV,250,0.8559992906131165,0.7112925368866557,0.9170841307457028,0.8700833333333334,1.0
RLV,251,0.8586474096952569,0.7201352824302006,0.9170841307457028,0.8700833333333334,1.0
RLV,252,0.8549363470502752,0.7077661007075622,0.9170841307457028,0.8700833333333334,1.0
RLV,253,0.853944683617105,0.7044879828051643,0.9170841307457028,0.8700833333333334,1.0
RLV,254,0.8633325064760473,0.7359816842546968,0.9170841307457028,0.8700833333333334,1.0
RLV,255,0.8572323816065546,0.7153999489231361,0.9170841307457028,0.8700833333333334,1.0
RLV,256,0.8564744135346352,0.7128730655913039,0.9170841307457028,0.8700833333333334,1.0
RLV,257,0.8568552302084328,0.7141417786242776,0.9170841307457028,0.8700833333333334,1.0
RLV,258,0.8531926091463342,0.702009471424678,0.9170841307457028,0.8700833333333334,1.0
RLV,259,0.8583458438090333,0.7191241393166358,0.9170841307457028,0.8700833333333334,1.0
RLV,260,0.8551738991409564,0.7085530664544074,0.9170841307457028,0.8700833333333334,1.0
RLV,261,0.8500681277158657,0.6917824903467418,0.9170841307457028,0.8700833333333334,1.0
RLV,262,0.855428091228433,0.7093958840493801,0.9170841307457028,0.8700833333333334,1.0
RLV,263,0.8587890731694631,0.7206106445610491,0.9170841307457028,0.8700833333333334,1.0
RLV,264,0.8481637146959136,0.68560407266519,0.9170841307457028,0.8700833333333334,1.0
RLV,265,0.8619590182812176,0.7313093133571429,0.9170841307457028,0.8700833333333334,1.0
RLV,266,0.8556185070594188,0.7100277329097867,0.9170841307457028,0.8700833333333334,1.0
RLV,267,0.8557812579964121,0.7105681169858521,0.9170841307457028,0.8700833333333334,1.0
RLV,268,0.8525470941474828,0.6998873544845311,0.9170841307457028,0.8700833333333334,1.0
RLV,269,0.8570738337189119,0.7148708336469785,0.9170841307457028,0.8700833333333334,1.0
RLV,270,0.850245879756371,0.6923612878309675,0.9170841307457028,0.8700833333333334,1.0
RLV,271,0.8502611940644665,0.6924111713801756,0.9170841307457028,0.8700833333333334,1.0
RLV,272,0.8556589356472716,0.7101619396990625,0.9170841307457028,0.8700833333333334,1.0
RLV,273,0.8542441053954716,0.7054765714954576,0.9170841307457028,0.8700833333333334,1.0
RLV,274,0.853792791249661,0.7039868833643105,0.9170841307457028,0.8700833333333334,1.0
RLV,275,0.8607157695517779,0.7270992097802722,0.9170841307457028,0.8700833333333334,1.0
RLV,276,0.8551421300921683,0.7084477835282376,0.9170841307457028,0.8700833333333334,1.0
RLV,277,0.8489242991398168,0.6880666238234353,0.9170841307457028,0.8700833333333334,1.0
RLV,278,0.8539573512876748,0.704529786076204,0.9170841307457028,0.8700833333333334,1.0
RLV,279,0.8593779388261654,0.7225891490700179,0.9170841307457028,0.8700833333333334,1.0
RLV,280,0.8543444093185019,0.7058079734045939,0.9170841307457028,0.8700833333333334,1.0
RLV,281,0.8555160102883032,0.7096875697482347,0.9170841307457028,0.8700833333333334,1.0
RLV,282,0.8560835684656669,0.7115727009561112,0.9170841307457028,0.8700833333333334,1.0
RLV,283,0.8596269690532787,0.7234270796900407,0.9170841307457028,0.8700833333333334,1.0
RLV,284,0.8561868541742348,0.7119161655201044,0.9170841307457028,0.8700833333333334,1.0
RLV,285,0.8536399150329486,0.7034828081356759,0.9170841307457028,0.8700833333333334,1.0
RLV,286,0.8584303600951304,0.7194074129139244,0.9170841307457028,0.8700833333333334,1.0
RLV,287,0.8543024879852149,0.7056694520623662,0.9170841307457028,0.8700833333333334,1.0
RLV,288,0.8619635553923931,0.7313247111094068,0.9170841307457028,0.8700833333333334,1.0
RLV,289,0.8553833306487434,0.709247418133034,0.9170841307457028,0.8700833333333334,1.0
RLV,290,0.8556766633028772,0.7102207944460589,0.9170841307457028,0.8700833333333334,1.0
RLV,291,0.851242938914832,0.695614654491458,0.9170841307457028,0.8700833333333334,1.0
RLV,292,0.8453696898682065,0.6766145344587723,0.9170841307457028,0.8700833333333334,1.0
RLV,293,0.853774994851624,0.7039281897833364,0.9170841307457028,0.8700833333333334,1.0
RLV,294,0.8548313583142864,0.707418501582095,0.9170841307457028,0.8700833333333334,1.0
RLV,295,0.8603812420877253,0.7259694854460829,0.9170841307457028,0.8700833333333334,1.0
RLV,296,0.8577222408183234,0.7170365915238938,0.9170841307457028,0.8700833333333334,1.0
RLV,297,0.85613210195177,0.7117340779150746,0.9170841307457028,0.8700833333333334,1.0
RLV,298,0.8535318736928985,0.7031267292048932,0.9170841307457028,0.8700833333333334,1.0
RLV,299,0.8492992369275021,0.6892830014899838,0.9170841307457028,0.8700833333333334,1.0
RLV,300,0.8578900412892365,0.7175978659529682,0.9170841307457028,0.8700833333333334,1.0
RLV,301,0.8597595213784944,0.7238733854794853,0.9170841307457028,0.8700833333333334,1.0
RLV,302,0.8579005223026104,0.7176329347394111,0.9170841307457028,0.8700833333333334,1.0
RLV,303,0.851721289701485,0.6971795586355696,0.9170841307457028,0.8700833333333334,1.0
RLV,304,0.8491583009961937,0.6888255864383607,0.9170841307457028,0.8700833333333334,1.0
RLV,305,0.8589588531018708,0.7211806635146583,0.9170841307457028,0.8700833333333334,1.0
RLV,306,0.8618157903530514,0.7308233607249662,0.9170841307457028,0.8700833333333334,1.0
RLV,307,0.8554023620109267,0.7093105402187105,0.9170841307457028,0.8700833333333334,1.0
RLV,308,0.8597638469851452,0.7238879533444903,0.9170841307457028,0.8700833333333334,1.0
RLV,309,0.8552327675857512,0.7087481880515979,0.9170841307457028,0.8700833333333334,1.0
RLV,310,0.8597939094892582,0.7239892045244121,0.9170841307457028,0.8700833333333334,1.0
RLV,311,0.8549357943856635,0.7077642705975226,0.9170841307457028,0.8700833333333334,1.0
RLV,312,0.8502592340307057,0.6924047867793539,0.9170841307457028,0.8700833333333334,1.0
RLV,313,0.8506854039025916,0.6937940289053851,0.9170841307457028,0.8700833333333334,1.0
RLV,314,0.8536711214611583,0.7035856823766861,0.9170841307457028,0.8700833333333334,1.0
RLV,315,0.856033339969902,0.7114057168797925,0.9170841307457028,0.8700833333333334,1.0
RLV,316,0.8554963172362349,0.7096222270472823,0.9170841307457028,0.8700833333333334,1.0
RLV,317,0.851318642373502,0.6958621394719217,0.9170841307457028,0.8700833333333334,1.0
RLV,318,0.8607659148247174,0.7272686676944001,0.9170841307457028,0.8700833333333334,1.0
RLV,319,0.8528701205943642,0.7009486947983944,0.9170841307457028,0.8700833333333334,1.0
RLV,320,0.8537248959875032,0.7037629804530482,0.9170841307457028,0.8700833333333334,1.0
RLV,321,0.856252124773267,0.7121332793811826,0.9170841307457028,0.8700833333333334,1.0
RLV,322,0.8576940501268653,0.7169423290233801,0.9170841307457028,0.8700833333333334,1.0
RLV,323,0.8488726170257572,0.6878990824277219,0.9170841307457028,0.8700833333333334,1.0
RLV,324,0.8550916509021522,0.7082805191514594,0.9170841307457028,0.8700833333333334,1.0
RLV,325,0.857031859593048,0.7147308042914012,0.9170841307457028,0.8700833333333334,1.0
RLV,326,0.8525893149814227,0.7000260073432285,0.9170841307457028,0.8700833333333334,1.0
RLV,327,0.8512841896321538,0.6957495005525182,0.9170841307457028,0.8700833333333334,1.0
RLV,328,0.8525630005695958,0.6999395886207344,0.9170841307457028,0.8700833333333334,1.0
RLV,329,0.8565820401040927,0.7132314582974835,0.9170841307457028,0.8700833333333334,1.0
RLV,330,0.8577269666904311,0.7170523945476371,0.9170841307457028,0.8700833333333334,1.0
RLV,331,0.8572326463217681,0.7154008325917518,0.9170841307457028,0.8700833333333334,1.0
RLV,332,0.853251963152901,0.7022048384379818,0.9170841307457028,0.8700833333333334,1.0
RLV,333,0.8535647575769524,0.7032350924648245,0.9170841307457028,0.8700833333333334,1.0
RLV,334,0.8630495568146032,0.7350173122978587,0.9170841307457028,0.8700833333333334,1.0
RLV,335,0.8568903889063535,0.7142589972142988,0.9170841307457028,0.8700833333333334,1.0
RLV,336,0.8543931719689423,0.7059691262783527,0.9170841307457028,0.8700833333333334,1.0
RLV,337,0.8578628264043101,0.7175068127264251,0.9170841307457028,0.8700833333333334,1.0
RLV,338,0.8557370119391483,0.7104211757010064,0.9170841307457028,0.8700833333333334,1.0
RLV,339,0.8518305567877889,0.6975373913708047,0.9170841307457028,0.8700833333333334,1.0
RLV,340,0.8638797108678185,0.7378494024900316,0.9170841307457028,0.8700833333333334,1.0
RLV,341,0.8497085907095712,0.6906128727756836,0.9170841307457028,0.8700833333333334,1.0
RLV,342,0.8596856595530022,0.7236246660700308,0.9170841307457028,0.8700833333333334,1.0
RLV,343,0.8561467079537002,0.7117826491826412,0.9170841307457028,0.8700833333333334,1.0
RLV,344,0.8530741707798924,0.7016197467939312,0.9170841307457028,0.8700833333333334,1.0
RLV,345,0.8545242107734166,0.7064023255961324,0.9170841307457028,0.8700833333333334,1.0
RLV,346,0.8550894812027167,0.7082733304483915,0.9170841307457028,0.8700833333333334,1.0
RLV,347,0.8585556257216206,0.7198274201818354,0.9170841307457028,0.8700833333333334,1.0
RLV,348,0.8557811098833088,0.7105676250637837,0.9170841307457028,0.8700833333333334,1.0
RLV,349,0.8516356609641406,0.6968992340559875,0.9170841307457028,0.8700833333333334,1.0
RLV,350,0.8536350056169296,0.7034666249187823,0.9170841307457028,0.8700833333333334,1.0
RLV,351,0.850902707050924,0.6945032048409052,0.9170841307457028,0.8700833333333334,1.0
RLV,352,0.8564279753429886,0.7127184697588383,0.9170841307457028,0.8700833333333334,1.0
RLV,353,0.8468218658368518,0.6812756811750211,0.9170841307457028,0.8700833333333334,1.0
RLV,354,0.8584724346553401,0.7195484655949554,0.9170841307457028,0.8700833333333334,1.0
RLV,355,0.856121293662632,0.7116981372838884,0.9170841307457028,0.8700833333333334,1.0
RLV,356,0.8514573160295931,0.6963156539279711,0.9170841307457028,0.8700833333333334,1.0
RLV,357,0.8535446842149952,0.7031689426175008,0.9170841307457028,0.8700833333333334,1.0
RLV,358,0.8512280665878174,0.6955660425757463,0.9170841307457028,0.8700833333333334,1.0
RLV,359,0.8533671668816202,0.702584154299363,0.9170841307457028,0.8700833333333334,1.0
RLV,360,0.8545750778897113,0.7065705401761583,0.9170841307457028,0.8700833333333334,1.0
RLV,361,0.8557779561519284,0.7105571507637382,0.9170841307457028,0.8700833333333334,1.0
RLV,362,0.8523429466665084,0.6992172264445934,0.9170841307457028,0.8700833333333334,1.0
RLV,363,0.8584849331736697,0.7195903701953849,0.9170841307457028,0.8700833333333334,1.0
RLV,364,0.8568859536824073,0.7142442094465554,0.9170841307457028,0.8700833333333334,1.0
RLV,365,0.8584963554384071,0.7196286679706122,0.9170841307457028,0.8700833333333334,1.0
RLV,366,0.8572126021692558,0.7153339237985605,0.9170841307457028,0.8700833333333334,1.0
RLV,367,0.8522051252281995,0.6987650903493791,0.9170841307457028,0.8700833333333334,1.0
RLV,368,0.8593513915610218,0.722499866457503,0.9170841307457028,0.8700833333333334,1.0
RLV,369,0.8580641466850994,0.7181805779233161,0.9170841307457028,0.8700833333333334,1.0
RLV,370,0.8611967581171217,0.7287258543968145,0.9170841307457028,0.8700833333333334,1.0
RLV,371,0.8518128155874066,0.6974792823305386,0.9170841307457028,0.8700833333333334,1.0
RLV,372,0.8531871300194294,0.7019914386293192,0.9170841307457028,0.8700833333333334,1.0
RLV,373,0.8584640683458414,0.7195204163441337,0.9170841307457028,0.8700833333333334,1.0
RLV,374,0.857496008021187,0.7162803885588177,0.9170841307457028,0.8700833333333334,1.0
RLV,375,0.8589093190905627,0.7210143231548156,0.9170841307457028,0.8700833333333334,1.0
RLV,376,0.858179349004131,0.7185663427027414,0.9170841307457028,0.8700833333333334,1.0
RLV,377,0.8569492903527604,0.7144554061208724,0.9170841307457028,0.8700833333333334,1.0
RLV,378,0.8525614569733989,0.6999345195705785,0.9170841307457028,0.8700833333333334,1.0
RLV,379,0.852449292413331,0.6995662535401378,0.9170841307457028,0.8700833333333334,1.0
RLV,380,0.8580891587168661,0.7182643196385992,0.9170841307457028,0.8700833333333334,1.0
RLV,381,0.8515042946432936,0.6964693417330747,0.9170841307457028,0.8700833333333334,1.0
RLV,382,0.8579654356205972,0.7178501590964484,0.9170841307457028,0.8700833333333334,1.0
RLV,383,0.8565376999846981,0.713083790888717,0.9170841307457028,0.8700833333333334,1.0
RLV,384,0.8556393106730052,0.7100967902347467,0.9170841307457028,0.8700833333333334,1.0
RLV,385,0.8527087719447579,0.7004184145948226,0.9170841307457028,0.8700833333333334,1.0
RLV,386,0.8557589090042089,0.7104938930690124,0.9170841307457028,0.8700833333333334,1.0
RLV,387,0.8543006363933621,0.7056633342875555,0.9170841307457028,0.8700833333333334,1.0
RLV,388,0.8601296431979027,0.7251206849183282,0.9170841307457028,0.8700833333333334,1.0
RLV,389,0.8575389193566844,0.7164237774728583,0.9170841307457028,0.8700833333333334,1.0
RLV,390,0.8538782032886651,0.7042686284395199,0.9170841307457028,0.8700833333333334,1.0
RLV,391,0.8581171997947026,0.7183582114808319,0.9170841307457028,0.8700833333333334,1.0
RLV,392,0.8585692492467217,0.7198731100360587,0.9170841307457028,0.8700833333333334,1.0
RLV,393,0.8508281119923001,0.6942597001733993,0.9170841307457028,0.8700833333333334,1.0
RLV,394,0.8581426334429912,0.7184433806506908,0.9170841307457028,0.8700833333333334,1.0
RLV,395,0.8583933177288849,0.7192832475568798,0.9170841307457028,0.8700833333333334,1.0
RLV,396,0.8567364218353098,0.7137457799776686,0.9170841307457028,0.8700833333333334,1.0
RLV,397,0.8527064995182596,0.7004109483036102,0.9170841307457028,0.8700833333333334,1.0
RLV,398,0.8506076495258853,0.6935404069370876,0.9170841307457028,0.8700833333333334,1.0
RLV,399,0.8565857652658369,0.7132438653746843,0.9170841307457028,0.8700833333333334,1.0
Healthcare,0,0.8609964890072881,0.7583359988305262,0.9171212450434396,0.8492500000000001,1.0
Healthcare,1,0.8555127216120547,0.7392001369700876,0.9171212450434396,0.8492500000000001,1.0
Healthcare,2,0.8510835226705512,0.724010526924797,0.9171212450434396,0.8492500000000001,1.0
Healthcare,3,0.8564610221594349,0.7424830818328708,0.9171212450434396,0.8492500000000001,1.0
Healthcare,4,0.8533319507514926,0.7316917842850703,0.9171212450434396,0.8492500000000001,1.0
Healthcare,5,0.8555884208644307,0.7394618014605884,0.9171212450434396,0.8492500000000001,1.0
Healthcare,6,0.8611735773552721,0.7589600845648069,0.9171212450434396,0.8492500000000001,1.0
Healthcare,7,0.8569758102660504,0.7442698120988717,0.9171212450434396,0.8492500000000001,1.0
Healthcare,8,0.8601238383678473,0.7552662674080114,0.9171212450434396,0.8492500000000001,1.0
Healthcare,9,0.8556119752745563,0.7395432345674116,0.9171212450434396,0.8492500000000001,1.0
Healthcare,10,0.859245215994878,0.752184954209384,0.9171212450434396,0.8492500000000001,1.0
Healthcare,11,0.8570315302427991,0.7444633986197409,0.9171212450434396,0.8492500000000001,1.0
Healthcare,12,0.8576031816028575,0.746451654516584,0.9171212450434396,0.8492500000000001,1.0
Healthcare,13,0.8592246529565385,0.7521129530970487,0.9171212450434396,0.8492500000000001,1.0
Healthcare,14,0.8504310882715879,0.7217929937892352,0.9171212450434396,0.8492500000000001,1.0
Healthcare,15,0.8627292163000593,0.7644589568903436,0.9171212450434396,0.8492500000000001,1.0
Healthcare,16,0.848354424049944,0.7147686019368612,0.9171212450434396,0.8492500000000001,1.0
Healthcare,17,0.8527635356875531,0.7297441752328577,0.9171212450434396,0.8492500000000001,1.0
Healthcare,18,0.8557164688084474,0.7399045742679355,0.9171212450434396,0.8492500000000001,1.0
Healthcare,19,0.8548115521858586,0.7367797512748421,0.9171212450434396,0.8492500000000001,1.0
Healthcare,20,0.8555231118160985,0.7392360479739936,0.9171212450434396,0.8492500000000001,1.0
Healthcare,21,0.8555818642074553,0.7394391347599726,0.9171212450434396,0.8492500000000001,1.0
Healthcare,22,0.8565676348197546,0.7428528494053763,0.9171212450434396,0.8492500000000001,1.0
Healthcare,23,0.8600878154193181,0.7551397497717055,0.9171212450434396,0.8492500000000001,1.0
Healthcare,24,0.8520714212697652,0.7273779768750118,0.9171212450434396,0.8492500000000001,1.0
Healthcare,25,0.8539504177947257,0.7338153164328108,0.9171212450434396,0.8492500000000001,1.0
Healthcare,26,0.8584518875555034,0.7494108739552424,0.9171212450434396,0.8492500000000001,1.0
Healthcare,27,0.8545047806996113,0.735722669739359,0.9171212450434396,0.8492500000000001,1.0
Healthcare,28,0.8553052020753111,0.7384831743303816,0.9171212450434396,0.8492500000000001,1.0
Healthcare,29,0.8578341779079532,0.7472562096099195,0.9171212450434396,0.8492500000000001,1.0
Healthcare,30,0.8498213087193721,0.7197250474961364,0.9171212450434396,0.8492500000000001,1.0
Healthcare,31,0.85239566691725,0.7284857891814643,0.9171212450434396,0.8492500000000001,1.0
Healthcare,32,0.8594287539844023,0.7528278382262631,0.9171212450434396,0.8492500000000001,1.0
Healthcare,33,0.8590351185474097,0.7514495451139824,0.9171212450434396,0.8492500000000001,1.0
Healthcare,34,0.8590715770491396,0.7515771229888517,0.9171212450434396,0.8492500000000001,1.0
Healthcare,35,0.8578586846370616,0.7473416041569512,0.9171212450434396,0.8492500000000001,1.0
Healthcare,36,0.8553760921694061,0.7387280349974866,0.9171212450434396,0.8492500000000001,1.0
Healthcare,37,0.8552232446103014,0.7382001618573616,0.9171212450434396,0.8492500000000001,1.0
Healthcare,38,0.8556885443316523,0.7398079981821569,0.9171212450434396,0.8492500000000001,1.0
Healthcare,39,0.8616657172651149,0.7606964817848052,0.9171212450434396,0.8492500000000001,1.0
Healthcare,40,0.8562743829020063,0.7418360882332267,0.9171212450434396,0.8492500000000001,1.0
Healthcare,41,0.8516287040761031,0.725867437538238,0.9171212450434396,0.8492500000000001,1.0
Healthcare,42,0.8619349447542407,0.7616476460449562,0.9171212450434396,0.8492500000000001,1.0
Healthcare,43,0.8603660665668422,0.7561174196552263,0.9171212450434396,0.8492500000000001,1.0
Healthcare,44,0.8603694625269458,0.7561293576425236,0.9171212450434396,0.8492500000000001,1.0
Healthcare,45,0.858818214369581,0.7506908761383734,0.9171212450434396,0.8492500000000001,1.0
Healthcare,46,0.8532904583552207,0.7315494835956503,0.9171212450434396,0.8492500000000001,1.0
Healthcare,47,0.8647570730485896,0.7716718227171966,0.9171212450434396,0.8492500000000001,1.0
Healthcare,48,0.8577311406935499,0.7468972529296338,0.9171212450434396,0.8492500000000001,1.0
Healthcare,49,0.8562090838141307,0.7416098258107781,0.9171212450434396,0.8492500000000001,1.0
Healthcare,50,0.8600081195019962,0.7548599030404812,0.9171212450434396,0.8492500000000001,1.0
Healthcare,51,0.8568248859391687,0.7437456491115156,0.9171212450434396,0.8492500000000001,1.0
Healthcare,52,0.8580737896439734,0.748091459105105,0.9171212450434396,0.8492500000000001,1.0
Healthcare,53,0.8525740035316641,0.7290956302263956,0.9171212450434396,0.8492500000000001,1.0
Healthcare,54,0.8560401661300898,0.7410247633523733,0.9171212450434396,0.8492500000000001,1.0
Healthcare,55,0.8619938579785549,0.7618559017585075,0.9171212450434396,0.8492500000000001,1.0
Healthcare,56,0.8517043588339942,0.7261254027432811,0.9171212450434396,0.8492500000000001,1.0
Healthcare,57,0.8609438523915057,0.7581505737753851,0.9171212450434396,0.8492500000000001,1.0
Healthcare,58,0.8544583893640297,0.7355629122814662,0.9171212450434396,0.8492500000000001,1.0
Healthcare,59,0.8630931793302804,0.7657497949087514,0.9171212450434396,0.8492500000000001,1.0
Healthcare,60,0.8576614869324706,0.7466546693806017,0.9171212450434396,0.8492500000000001,1.0
Healthcare,61,0.8526225870792686,0.7292618331835218,0.9171212450434396,0.8492500000000001,1.0
Healthcare,62,0.8558979143071774,0.7405323292105117,0.9171212450434396,0.8492500000000001,1.0
Healthcare,63,0.8549671253116377,0.7373162644935332,0.9171212450434396,0.8492500000000001,1.0
Healthcare,64,0.8591061757803635,0.7516982080603897,0.9171212450434396,0.8492500000000001,1.0
Healthcare,65,0.8574756799627474,0.74600784745137,0.9171212450434396,0.8492500000000001,1.0
Healthcare,66,0.8572092695795241,0.7450811663191003,0.9171212450434396,0.8492500000000001,1.0
Healthcare,67,0.849950103953017,0.7201614603278634,0.9171212450434396,0.8492500000000001,1.0
Healthcare,68,0.8547440542520234,0.7365470673774049,0.9171212450434396,0.8492500000000001,1.0
Healthcare,69,0.8543412078066865,0.7351594909841598,0.9171212450434396,0.8492500000000001,1.0
Healthcare,70,0.860842036654054,0.7577920000192195,0.9171212450434396,0.8492500000000001,1.0
Healthcare,71,0.8514319424222654,0.7251968477031183,0.9171212450434396,0.8492500000000001,1.0
Healthcare,72,0.855434449328477,0.7389296514876108,0.9171212450434396,0.8492500000000001,1.0
Healthcare,73,0.858370704855962,0.7491274308455638,0.9171212450434396,0.8492500000000001,1.0
Healthcare,74,0.8559714447796096,0.7407868395134543,0.9171212450434396,0.8492500000000001,1.0
Healthcare,75,0.854230488035219,0.7347784681874225,0.9171212450434396,0.8492500000000001,1.0
Healthcare,76,0.8630445244994225,0.7655771401951567,0.9171212450434396,0.8492500000000001,1.0
Healthcare,77,0.8551882039572744,0.7380791856037926,0.9171212450434396,0.8492500000000001,1.0
Healthcare,78,0.8583189305985509,0.748946707029026,0.9171212450434396,0.8492500000000001,1.0
Healthcare,79,0.8484023216399851,0.714930037261526,0.9171212450434396,0.8492500000000001,1.0
Healthcare,80,0.8623667486024533,0.7631750448797804,0.9171212450434396,0.8492500000000001,1.0
Healthcare,81,0.8600356697436266,0.754956635020557,0.9171212450434396,0.8492500000000001,1.0
Healthcare,82,0.8606779166335546,0.7572142713706658,0.9171212450434396,0.8492500000000001,1.0
Healthcare,83,0.8559703735071128,0.7407831310576057,0.9171212450434396,0.8492500000000001,1.0
Healthcare,84,0.8543557230751029,0.7352094537353299,0.9171212450434396,0.8492500000000001,1.0
Healthcare,85,0.8565203476470109,0.742688824985787,0.9171212450434396,0.8492500000000001,1.0
Healthcare,86,0.8515398079600138,0.7255644102068525,0.9171212450434396,0.8492500000000001,1.0
Healthcare,87,0.8610972744264832,0.7586911344594611,0.9171212450434396,0.8492500000000001,1.0
Healthcare,88,0.8514022919621016,0.7250958352980592,0.9171212450434396,0.8492500000000001,1.0
Healthcare,89,0.8547683394540937,0.7366307787837104,0.9171212450434396,0.8492500000000001,1.0
Healthcare,90,0.8601299139930475,0.7552876074206112,0.9171212450434396,0.8492500000000001,1.0
Healthcare,91,0.8567659099644601,0.7435408997079168,0.9171212450434396,0.8492500000000001,1.0
Healthcare,92,0.8594938610422489,0.7530559896600318,0.9171212450434396,0.8492500000000001,1.0
Healthcare,93,0.8532698313478729,0.7314787497475025,0.9171212450434396,0.8492500000000001,1.0
Healthcare,94,0.858642772679388,0.7500776514879774,0.9171212450434396,0.8492500000000001,1.0
Healthcare,95,0.8530414563093263,0.7306959519628959,0.9171212450434396,0.8492500000000001,1.0
Healthcare,96,0.8490047288109781,0.7169627422276211,0.9171212450434396,0.8492500000000001,1.0
Healthcare,97,0.8535737438761882,0.7325214414985323,0.9171212450434396,0.8492500000000001,1.0
Healthcare,98,0.8592092715821653,0.7520590988682342,0.9171212450434396,0.8492500000000001,1.0
Healthcare,99,0.85913939574728,0.7518144816421054,0.9171212450434396,0.8492500000000001,1.0
Healthcare,100,0.8592163453526925,0.7520838656362928,0.9171212450434396,0.8492500000000001,1.0
Healthcare,101,0.84847595579255,0.7151782691202887,0.9171212450434396,0.8492500000000001,1.0
Healthcare,102,0.8566074034766195,0.7429908154751198,0.9171212450434396,0.8492500000000001,1.0
Healthcare,103,0.8581749949007467,0.7484444552446221,0.9171212450434396,0.8492500000000001,1.0
Healthcare,104,0.8574847176801961,0.7460392993742246,0.9171212450434396,0.8492500000000001,1.0
Healthcare,105,0.8612247776501184,0.7591405937989668,0.9171212450434396,0.8492500000000001,1.0
Healthcare,106,0.8552690121774589,0.738358194688519,0.9171212450434396,0.8492500000000001,1.0
Healthcare,107,0.8588797760931652,0.7509061430841388,0.9171212450434396,0.8492500000000001,1.0
Healthcare,108,0.8588208806493691,0.7507001985360482,0.9171212450434396,0.8492500000000001,1.0
Healthcare,109,0.8553343003635234,0.738583675030308,0.9171212450434396,0.8492500000000001,1.0
Healthcare,110,0.8596177223864211,0.7534901739906891,0.9171212450434396,0.8492500000000001,1.0
Healthcare,111,0.8519622395237577,0.7270052328416164,0.9171212450434396,0.8492500000000001,1.0
Healthcare,112,0.8554885027393867,0.7391164358942591,0.9171212450434396,0.8492500000000001,1.0
Healthcare,113,0.862008428814234,0.7619074156226673,0.9171212450434396,0.8492500000000001,1.0
Healthcare,114,0.8559013994750737,0.7405443909072194,0.9171212450434396,0.8492500000000001,1.0
Healthcare,115,0.8590868837110331,0.7516306898612058,0.9171212450434396,0.8492500000000001,1.0
Healthcare,116,0.8580438625319176,0.7479870995688107,0.9171212450434396,0.8492500000000001,1.0
Healthcare,117,0.8629629245863523,0.7652876433406005,0.9171212450434396,0.8492500000000001,1.0
Healthcare,118,0.856265960601794,0.7418069019154464,0.9171212450434396,0.8492500000000001,1.0
Healthcare,119,0.8622615569519916,0.7628027440919829,0.9171212450434396,0.8492500000000001,1.0
Healthcare,120,0.8564012024728678,0.7422756680637358,0.9171212450434396,0.8492500000000001,1.0
Healthcare,121,0.8597211592962318,0.7538529062224351,0.9171212450434396,0.8492500000000001,1.0
Healthcare,122,0.8571981398102402,0.7450424713573364,0.9171212450434396,0.8492500000000001,1.0
Healthcare,123,0.8563996521320391,0.7422702931196267,0.9171212450434396,0.8492500000000001,1.0
Healthcare,124,0.8585742574516686,0.7498382709592146,0.9171212450434396,0.8492500000000001,1.0
Healthcare,125,0.8573829508898214,0.7456852008869207,0.9171212450434396,0.8492500000000001,1.0
Healthcare,126,0.8511695727067337,0.7243033798802827,0.9171212450434396,0.8492500000000001,1.0
Healthcare,127,0.8582608362450439,0.748743961144906,0.9171212450434396,0.8492500000000001,1.0
Healthcare,128,0.856640489260372,0.7431056118572362,0.9171212450434396,0.8492500000000001,1.0
Healthcare,129,0.8596815564465232,0.7537140116042815,0.9171212450434396,0.8492500000000001,1.0
Healthcare,130,0.8584036995263267,0.7492426194822942,0.9171212450434396,0.8492500000000001,1.0
Healthcare,131,0.8595767389842999,0.7533464897382491,0.9171212450434396,0.8492500000000001,1.0
Healthcare,132,0.8586132801439894,0.7499746025709232,0.9171212450434396,0.8492500000000001,1.0
Healthcare,133,0.8519589697938492,0.7269940722668461,0.9171212450434396,0.8492500000000001,1.0
Healthcare,134,0.8514990802163005,0.7254256099717823,0.9171212450434396,0.8492500000000001,1.0
Healthcare,135,0.8568641794971521,0.7438820897012061,0.9171212450434396,0.8492500000000001,1.0
Healthcare,136,0.8570160943150783,0.7444097661810178,0.9171212450434396,0.8492500000000001,1.0
Healthcare,137,0.8553548412842873,0.7386546261672127,0.9171212450434396,0.8492500000000001,1.0
Healthcare,138,0.851128575181159,0.7241638424628375,0.9171212450434396,0.8492500000000001,1.0
Healthcare,139,0.8556606045863211,0.7397113787528017,0.9171212450434396,0.8492500000000001,1.0
Healthcare,140,0.8585798213841872,0.7498577082533499,0.9171212450434396,0.8492500000000001,1.0
Healthcare,141,0.8496829866563519,0.7192565746583245,0.9171212450434396,0.8492500000000001,1.0
Healthcare,142,0.8638611746198771,0.7684789447032738,0.9171212450434396,0.8492500000000001,1.0
Healthcare,143,0.8573686385946644,0.7456354112359929,0.9171212450434396,0.8492500000000001,1.0
Healthcare,144,0.8597382729923737,0.7539129331028142,0.9171212450434396,0.8492500000000001,1.0
Healthcare,145,0.857508702839769,0.7461227743193358,0.9171212450434396,0.8492500000000001,1.0
Healthcare,146,0.8534986908984967,0.7322638390824099,0.9171212450434396,0.8492500000000001,1.0
Healthcare,147,0.8627667113938441,0.7645918622256941,0.9171212450434396,0.8492500000000001,1.0
Healthcare,148,0.8577784583026186,0.7470620799488477,0.9171212450434396,0.8492500000000001,1.0
Healthcare,149,0.8565580182817325,0.742819490440688,0.9171212450434396,0.8492500000000001,1.0
Healthcare,150,0.8546131742253442,0.7360960450609825,0.9171212450434396,0.8492500000000001,1.0
Healthcare,151,0.857038057574389,0.7444860788353594,0.9171212450434396,0.8492500000000001,1.0
Healthcare,152,0.8514281313810766,0.7251838637575417,0.9171212450434396,0.8492500000000001,1.0
Healthcare,153,0.8565879748604874,0.7429234110040185,0.9171212450434396,0.8492500000000001,1.0
Healthcare,154,0.8619230846386902,0.7616057262100385,0.9171212450434396,0.8492500000000001,1.0
Healthcare,155,0.8612413096397212,0.7591988850423222,0.9171212450434396,0.8492500000000001,1.0
Healthcare,156,0.8584506537885038,0.7494065657514833,0.9171212450434396,0.8492500000000001,1.0
Healthcare,157,0.8536528072607444,0.7327928822362688,0.9171212450434396,0.8492500000000001,1.0
Healthcare,158,0.858966411878262,0.751209166575798,0.9171212450434396,0.8492500000000001,1.0
Healthcare,159,0.8595437498527394,0.7532308476335342,0.9171212450434396,0.8492500000000001,1.0
Healthcare,160,0.8561434936418111,0.7413826068845447,0.9171212450434396,0.8492500000000001,1.0
Healthcare,161,0.8531974314807265,0.7312305177233839,0.9171212450434396,0.8492500000000001,1.0
Healthcare,162,0.8559956961484789,0.7408707949234273,0.9171212450434396,0.8492500000000001,1.0
Healthcare,163,0.8590693621347759,0.7515693719582197,0.9171212450434396,0.8492500000000001,1.0
Healthcare,164,0.8532100502904929,0.731273778348262,0.9171212450434396,0.8492500000000001,1.0
Healthcare,165,0.8579094857673906,0.7475186457674835,0.9171212450434396,0.8492500000000001,1.0
Healthcare,166,0.8567516680539891,0.7434914617983805,0.9171212450434396,0.8492500000000001,1.0
Healthcare,167,0.8550308446262633,0.7375360930135528,0.9171212450434396,0.8492500000000001,1.0
Healthcare,168,0.8556468224427506,0.7396637217165482,0.9171212450434396,0.8492500000000001,1.0
Healthcare,169,0.8588097932022913,0.7506614328854738,0.9171212450434396,0.8492500000000001,1.0
Healthcare,170,0.8527304096886045,0.7296307928225659,0.9171212450434396,0.8492500000000001,1.0
Healthcare,171,0.8577888514156843,0.7470982871615705,0.9171212450434396,0.8492500000000001,1.0
Healthcare,172,0.8561845007608525,0.7415246585353613,0.9171212450434396,0.8492500000000001,1.0
Healthcare,173,0.8514560666231787,0.7252790411804163,0.9171212450434396,0.8492500000000001,1.0
Healthcare,174,0.8536611024331723,0.732821365628404,0.9171212450434396,0.8492500000000001,1.0
Healthcare,175,0.8562710374706358,0.7418244949999052,0.9171212450434396,0.8492500000000001,1.0
Healthcare,176,0.8537603794024443,0.7331623204926793,0.9171212450434396,0.8492500000000001,1.0
Healthcare,177,0.8574799342222282,0.7460226524640415,0.9171212450434396,0.8492500000000001,1.0
Healthcare,178,0.857605147586752,0.7464584992532098,0.9171212450434396,0.8492500000000001,1.0
Healthcare,179,0.861525858456127,0.760202720912083,0.9171212450434396,0.8492500000000001,1.0
Healthcare,180,0.8525841139313813,0.7291302152798806,0.9171212450434396,0.8492500000000001,1.0
Healthcare,181,0.8578693098883509,0.7473786304878094,0.9171212450434396,0.8492500000000001,1.0
Healthcare,182,0.8550992398372085,0.737772107842405,0.9171212450434396,0.8492500000000001,1.0
Healthcare,183,0.862101469339109,0.7622364135361696,0.9171212450434396,0.8492500000000001,1.0
Healthcare,184,0.8526498978522394,0.7293552750492531,0.9171212450434396,0.8492500000000001,1.0
Healthcare,185,0.8546120962902441,0.7360923312766104,0.9171212450434396,0.8492500000000001,1.0
Healthcare,186,0.8506174056335033,0.7224257400262449,0.9171212450434396,0.8492500000000001,1.0
Healthcare,187,0.8581949510335971,0.7485140754412716,0.9171212450434396,0.8492500000000001,1.0
Healthcare,188,0.8602139881449972,0.755582955716093,0.9171212450434396,0.8492500000000001,1.0
Healthcare,189,0.849012411915007,0.7169886953179677,0.9171212450434396,0.8492500000000001,1.0
Healthcare,190,0.8525151680241797,0.7288943936368218,0.9171212450434396,0.8492500000000001,1.0
Healthcare,191,0.8590882879322703,0.7516356041877303,0.9171212450434396,0.8492500000000001,1.0
Healthcare,192,0.8566322643521693,0.743077072989439,0.9171212450434396,0.8492500000000001,1.0
Healthcare,193,0.8584786809495359,0.7495044386672468,0.9171212450434396,0.8492500000000001,1.0
Healthcare,194,0.8547295837344244,0.7364971907080505,0.9171212450434396,0.8492500000000001,1.0
Healthcare,195,0.8572677190681428,0.7452844028873257,0.9171212450434396,0.8492500000000001,1.0
Healthcare,196,0.848871806928511,0.7165138511630093,0.9171212450434396,0.8492500000000001,1.0
Healthcare,197,0.856596704771651,0.742953697464805,0.9171212450434396,0.8492500000000001,1.0
Healthcare,198,0.8537412238599902,0.7330965238141421,0.9171212450434396,0.8492500000000001,1.0
Healthcare,199,0.8592792474720778,0.7523041261777198,0.9171212450434396,0.8492500000000001,1.0
Healthcare,200,0.8596250069836324,0.7535157153077118,0.9171212450434396,0.8492500000000001,1.0
Healthcare,201,0.8526007175146094,0.7291870144984509,0.9171212450434396,0.8492500000000001,1.0
Healthcare,202,0.8554153994972953,0.7388638322308513,0.9171212450434396,0.8492500000000001,1.0
Healthcare,203,0.8551603943693036,0.7379831848555772,0.9171212450434396,0.8492500000000001,1.0
Healthcare,204,0.8549209051817322,0.7371568380588718,0.9171212450434396,0.8492500000000001,1.0
Healthcare,205,0.8569228596770024,0.7440858821811215,0.9171212450434396,0.8492500000000001,1.0
Healthcare,206,0.859358595243511,0.7525820424658454,0.9171212450434396,0.8492500000000001,1.0
Healthcare,207,0.8597354490547663,0.7539030277971558,0.9171212450434396,0.8492500000000001,1.0
Healthcare,208,0.8580181523531172,0.7478974537192954,0.9171212450434396,0.8492500000000001,1.0
Healthcare,209,0.8559148362477749,0.7405908951470019,0.9171212450434396,0.8492500000000001,1.0
Healthcare,210,0.856898228160095,0.7440003334129295,0.9171212450434396,0.8492500000000001,1.0
Healthcare,211,0.8590189495060208,0.7513929705898654,0.9171212450434396,0.8492500000000001,1.0
Healthcare,212,0.8606652792961387,0.7571697996290103,0.9171212450434396,0.8492500000000001,1.0
Healthcare,213,0.8612199398632153,0.7591235365587542,0.9171212450434396,0.8492500000000001,1.0
Healthcare,214,0.856360611225586,0.7421349501242788,0.9171212450434396,0.8492500000000001,1.0
Healthcare,215,0.8546613468413444,0.7362620273859589,0.9171212450434396,0.8492500000000001,1.0
Healthcare,216,0.8533162164824758,0.7316378202118896,0.9171212450434396,0.8492500000000001,1.0
Healthcare,217,0.853919385094173,0.733708654363402,0.9171212450434396,0.8492500000000001,1.0
Healthcare,218,0.8588482873151108,0.7507960284104372,0.9171212450434396,0.8492500000000001,1.0
Healthcare,219,0.8589060223341111,0.7509979341241575,0.9171212450434396,0.8492500000000001,1.0
Healthcare,220,0.8568078643039114,0.743686550034778,0.9171212450434396,0.8492500000000001,1.0
Healthcare,221,0.8597188485726428,0.7538448015543056,0.9171212450434396,0.8492500000000001,1.0
Healthcare,222,0.8620247969244383,0.761965286702981,0.9171212450434396,0.8492500000000001,1.0
Healthcare,223,0.8595170524697738,0.7531372707537844,0.9171212450434396,0.8492500000000001,1.0
Healthcare,224,0.8562981640343815,0.7419185031110741,0.9171212450434396,0.8492500000000001,1.0
Healthcare,225,0.8566020949067392,0.7429723977869997,0.9171212450434396,0.8492500000000001,1.0
Healthcare,226,0.8525679565154184,0.7290749455412092,0.9171212450434396,0.8492500000000001,1.0
Healthcare,227,0.8553408834735147,0.7386064134318974,0.9171212450434396,0.8492500000000001,1.0
Healthcare,228,0.8527127350081218,0.7295703020036788,0.9171212450434396,0.8492500000000001,1.0
Healthcare,229,0.8527342418941752,0.729643908874278,0.9171212450434396,0.8492500000000001,1.0
Healthcare,230,0.8523912423744849,0.728470663851494,0.9171212450434396,0.8492500000000001,1.0
Healthcare,231,0.8554410163452093,0.738952342270137,0.9171212450434396,0.8492500000000001,1.0
Healthcare,232,0.86011598417923,0.755238681043329,0.9171212450434396,0.8492500000000001,1.0
Healthcare,233,0.856884446683552,0.7439524715994724,0.9171212450434396,0.8492500000000001,1.0
Healthcare,234,0.8554967062450878,0.7391447866346436,0.9171212450434396,0.8492500000000001,1.0
Healthcare,235,0.854711215436785,0.736433882902691,0.9171212450434396,0.8492500000000001,1.0
Healthcare,236,0.8573821357869413,0.7456823652378676,0.9171212450434396,0.8492500000000001,1.0
Healthcare,237,0.8505043700091823,0.722041813865288,0.9171212450434396,0.8492500000000001,1.0
Healthcare,238,0.8563523002012655,0.742106140710349,0.9171212450434396,0.8492500000000001,1.0
Healthcare,239,0.8522981412587396,0.728152451662096,0.9171212450434396,0.8492500000000001,1.0
Healthcare,240,0.85827814427274,0.7488043608401398,0.9171212450434396,0.8492500000000001,1.0
Healthcare,241,0.8581881633749288,0.7484903950513058,0.9171212450434396,0.8492500000000001,1.0
Healthcare,242,0.8558890852222413,0.7405017735960836,0.9171212450434396,0.8492500000000001,1.0
Healthcare,243,0.8562878360872145,0.7418827101744662,0.9171212450434396,0.8492500000000001,1.0
Healthcare,244,0.857019175959765,0.7444204731854208,0.9171212450434396,0.8492500000000001,1.0
Healthcare,245,0.8578763729805081,0.7474032443504388,0.9171212450434396,0.8492500000000001,1.0
Healthcare,246,0.8547833957298416,0.7366826815445494,0.9171212450434396,0.8492500000000001,1.0
Healthcare,247,0.8550405681217441,0.7375696429199431,0.9171212450434396,0.8492500000000001,1.0
Healthcare,248,0.8539076116617423,0.7336681911029691,0.9171212450434396,0.8492500000000001,1.0
Healthcare,249,0.8497643274162775,0.7195320339949935,0.9171212450434396,0.8492500000000001,1.0
Healthcare,250,0.8589849076298784,0.7512738705117723,0.9171212450434396,0.8492500000000001,1.0
Healthcare,251,0.8624268674344806,0.7633878823550372,0.9171212450434396,0.8492500000000001,1.0
Healthcare,252,0.8566258545148119,0.7430548326423452,0.9171212450434396,0.8492500000000001,1.0
Healthcare,253,0.8600596018595147,0.7550406709017734,0.9171212450434396,0.8492500000000001,1.0
Healthcare,254,0.8546213225632826,0.7361241187920848,0.9171212450434396,0.8492500000000001,1.0
Healthcare,255,0.8523347416918483,0.7282775365851264,0.9171212450434396,0.8492500000000001,1.0
Healthcare,256,0.8592908075331013,0.7523446106052512,0.9171212450434396,0.8492500000000001,1.0
Healthcare,257,0.8590775092436665,0.751597882832367,0.9171212450434396,0.8492500000000001,1.0
Healthcare,258,0.8578191862710867,0.7472039743394423,0.9171212450434396,0.8492500000000001,1.0
Healthcare,259,0.8575313422881615,0.7462015722461731,0.9171212450434396,0.8492500000000001,1.0
Healthcare,260,0.856270145186252,0.7418214029071031,0.9171212450434396,0.8492500000000001,1.0
Healthcare,261,0.8516562641990901,0.7259614032153859,0.9171212450434396,0.8492500000000001,1.0
Healthcare,262,0.8594574061214957,0.7529282361011479,0.9171212450434396,0.8492500000000001,1.0
Healthcare,263,0.858565370056765,0.7498072241147652,0.9171212450434396,0.8492500000000001,1.0
Healthcare,264,0.8589208595564952,0.7510498280999865,0.9171212450434396,0.8492500000000001,1.0
Healthcare,265,0.856032141805927,0.7409969789584082,0.9171212450434396,0.8492500000000001,1.0
Healthcare,266,0.8597744847596394,0.7540399589450059,0.9171212450434396,0.8492500000000001,1.0
Healthcare,267,0.8526599411655034,0.7293896397888773,0.9171212450434396,0.8492500000000001,1.0
Healthcare,268,0.8491705559120318,0.7175230533139404,0.9171212450434396,0.8492500000000001,1.0
Healthcare,269,0.8565673350542261,0.7428518095269073,0.9171212450434396,0.8492500000000001,1.0
Healthcare,270,0.8531170679331125,0.7309550552136334,0.9171212450434396,0.8492500000000001,1.0
Healthcare,271,0.8549261492894337,0.7371749251843452,0.9171212450434396,0.8492500000000001,1.0
Healthcare,272,0.8556945502923728,0.7398287688449753,0.9171212450434396,0.8492500000000001,1.0
Healthcare,273,0.8572864930534676,0.7453496913276565,0.9171212450434396,0.8492500000000001,1.0
Healthcare,274,0.8583942142433698,0.7492095037794607,0.9171212450434396,0.8492500000000001,1.0
Healthcare,275,0.8564713840702407,0.742519014270619,0.9171212450434396,0.8492500000000001,1.0
Healthcare,276,0.8622102319317255,0.7626211408625938,0.9171212450434396,0.8492500000000001,1.0
Healthcare,277,0.8555850316673599,0.7394500847668187,0.9171212450434396,0.8492500000000001,1.0
Healthcare,278,0.8547780507980337,0.7366642559093067,0.9171212450434396,0.8492500000000001,1.0
Healthcare,279,0.8611319636265314,0.758813396971315,0.9171212450434396,0.8492500000000001,1.0
Healthcare,280,0.8592838243665174,0.7523201546997278,0.9171212450434396,0.8492500000000001,1.0
Healthcare,281,0.8617742015746694,0.7610796429895963,0.9171212450434396,0.8492500000000001,1.0
Healthcare,282,0.8639070476822144,0.7686421898711556,0.9171212450434396,0.8492500000000001,1.0
Healthcare,283,0.8576059148676378,0.7464611706182729,0.9171212450434396,0.8492500000000001,1.0
Healthcare,284,0.8562327384306633,0.7416917834697895,0.9171212450434396,0.8492500000000001,1.0
Healthcare,285,0.8548164006818897,0.736796467492978,0.9171212450434396,0.8492500000000001,1.0
Healthcare,286,0.8583491497430211,0.7490521863477678,0.9171212450434396,0.8492500000000001,1.0
Healthcare,287,0.8524174883415303,0.7285603893163421,0.9171212450434396,0.8492500000000001,1.0
Healthcare,288,0.8588974523234859,0.7509679612806508,0.9171212450434396,0.8492500000000001,1.0
Healthcare,289,0.8552156231255873,0.7381738477641595,0.9171212450434396,0.8492500000000001,1.0
Healthcare,290,0.8560012340015223,0.740889967325438,0.9171212450434396,0.8492500000000001,1.0
Healthcare,291,0.8500320744707923,0.7204393145113895,0.9171212450434396,0.8492500000000001,1.0
Healthcare,292,0.8561448120223564,0.7413871735333392,0.9171212450434396,0.8492500000000001,1.0
Healthcare,293,0.8567379701959965,0.7434439147828131,0.9171212450434396,0.8492500000000001,1.0
Healthcare,294,0.8572614810764151,0.7452627105870441,0.9171212450434396,0.8492500000000001,1.0
Healthcare,295,0.8549627572356138,0.7373011966448645,0.9171212450434396,0.8492500000000001,1.0
Healthcare,296,0.8496837677435457,0.7192592194229389,0.9171212450434396,0.8492500000000001,1.0
Healthcare,297,0.8587700407610517,0.750522456581686,0.9171212450434396,0.8492500000000001,1.0
Healthcare,298,0.8562802101150063,0.7418562821388773,0.9171212450434396,0.8492500000000001,1.0
Healthcare,299,0.8616044345508246,0.7604800982327528,0.9171212450434396,0.8492500000000001,1.0
Healthcare,300,0.856669021657899,0.7432046202245187,0.9171212450434396,0.8492500000000001,1.0
Healthcare,301,0.85198797548794,0.7270930819390241,0.9171212450434396,0.8492500000000001,1.0
Healthcare,302,0.8567483496837621,0.7434799431019417,0.9171212450434396,0.8492500000000001,1.0
Healthcare,303,0.8614936570701224,0.7600890704228448,0.9171212450434396,0.8492500000000001,1.0
Healthcare,304,0.8534087743090929,0.7319553101365942,0.9171212450434396,0.8492500000000001,1.0
Healthcare,305,0.8574421608368183,0.7458912071062809,0.9171212450434396,0.8492500000000001,1.0
Healthcare,306,0.8610069910070467,0.7583729987035414,0.9171212450434396,0.8492500000000001,1.0
Healthcare,307,0.8549331070416791,0.7371989232483162,0.9171212450434396,0.8492500000000001,1.0
Healthcare,308,0.8594154939143692,0.7527813779756197,0.9171212450434396,0.8492500000000001,1.0
Healthcare,309,0.8550408398874144,0.7375705806354689,0.9171212450434396,0.8492500000000001,1.0
Healthcare,310,0.8588992152437569,0.7509741268628827,0.9171212450434396,0.8492500000000001,1.0
Healthcare,311,0.8547342084153731,0.7365131306836185,0.9171212450434396,0.8492500000000001,1.0
Healthcare,312,0.8541596052335183,0.7345346151530677,0.9171212450434396,0.8492500000000001,1.0
Healthcare,313,0.8548096247877878,0.7367731062403209,0.9171212450434396,0.8492500000000001,1.0
Healthcare,314,0.8552543440789167,0.738307543807947,0.9171212450434396,0.8492500000000001,1.0
Healthcare,315,0.8547462734844834,0.736554716804239,0.9171212450434396,0.8492500000000001,1.0
Healthcare,316,0.8537890779727485,0.7332609044599568,0.9171212450434396,0.8492500000000001,1.0
Healthcare,317,0.8554154061526418,0.7388638552250364,0.9171212450434396,0.8492500000000001,1.0
Healthcare,318,0.8584975233237276,0.7495702430179562,0.9171212450434396,0.8492500000000001,1.0
Healthcare,319,0.85142751799167,0.7251817739998616,0.9171212450434396,0.8492500000000001,1.0
Healthcare,320,0.8540588972113454,0.7341882609292076,0.9171212450434396,0.8492500000000001,1.0
Healthcare,321,0.8562711826432661,0.7418249980772522,0.9171212450434396,0.8492500000000001,1.0
Healthcare,322,0.8577749777897327,0.7470499549375696,0.9171212450434396,0.8492500000000001,1.0
Healthcare,323,0.8592601096678862,0.7522371073680817,0.9171212450434396,0.8492500000000001,1.0
Healthcare,324,0.8575869191058042,0.7463950370841436,0.9171212450434396,0.8492500000000001,1.0
Healthcare,325,0.8607318145254323,0.7574039641045079,0.9171212450434396,0.8492500000000001,1.0
Healthcare,326,0.8582425120322762,0.7486800192583213,0.9171212450434396,0.8492500000000001,1.0
Healthcare,327,0.8515718165216047,0.7256735094287335,0.9171212450434396,0.8492500000000001,1.0
Healthcare,328,0.8521882590687864,0.7277770172435979,0.9171212450434396,0.8492500000000001,1.0
Healthcare,329,0.8497019864529451,0.7193209101208825,0.9171212450434396,0.8492500000000001,1.0
Healthcare,330,0.859465009168096,0.7529548790709439,0.9171212450434396,0.8492500000000001,1.0
Healthcare,331,0.8580401336561613,0.7479740972834881,0.9171212450434396,0.8492500000000001,1.0
Healthcare,332,0.857412870503212,0.7457892933733278,0.9171212450434396,0.8492500000000001,1.0
Healthcare,333,0.8550598983865298,0.737636343380808,0.9171212450434396,0.8492500000000001,1.0
Healthcare,334,0.8507615325116856,0.7229154898573417,0.9171212450434396,0.8492500000000001,1.0
Healthcare,335,0.8569026063820196,0.7440155390624676,0.9171212450434396,0.8492500000000001,1.0
Healthcare,336,0.8555429147465321,0.7393044952110865,0.9171212450434396,0.8492500000000001,1.0
Healthcare,337,0.8567303723426605,0.7434175426462458,0.9171212450434396,0.8492500000000001,1.0
Healthcare,338,0.8532303198536026,0.7313432718016547,0.9171212450434396,0.8492500000000001,1.0
Healthcare,339,0.8575010541851875,0.7460961541392566,0.9171212450434396,0.8492500000000001,1.0
Healthcare,340,0.8623260848370882,0.7630311090146457,0.9171212450434396,0.8492500000000001,1.0
Healthcare,341,0.854861724733026,0.7369527455279264,0.9171212450434396,0.8492500000000001,1.0
Healthcare,342,0.8543006279622517,0.7350198253233288,0.9171212450434396,0.8492500000000001,1.0
Healthcare,343,0.8587484395569044,0.7504469459031631,0.9171212450434396,0.8492500000000001,1.0
Healthcare,344,0.8606039280405704,0.7569539277810128,0.9171212450434396,0.8492500000000001,1.0
Healthcare,345,0.8594235331690027,0.7528095454272891,0.9171212450434396,0.8492500000000001,1.0
Healthcare,346,0.8567656080397222,0.7435398516117219,0.9171212450434396,0.8492500000000001,1.0
Healthcare,347,0.854731702263097,0.7365044926489054,0.9171212450434396,0.8492500000000001,1.0
Healthcare,348,0.8626681771255537,0.7642426341279408,0.9171212450434396,0.8492500000000001,1.0
Healthcare,349,0.8586834736575433,0.7502198809031544,0.9171212450434396,0.8492500000000001,1.0
Healthcare,350,0.8549996793069817,0.737428568045147,0.9171212450434396,0.8492500000000001,1.0
Healthcare,351,0.8609166662373844,0.7580548173701572,0.9171212450434396,0.8492500000000001,1.0
Healthcare,352,0.8548977331597295,0.7370769208646113,0.9171212450434396,0.8492500000000001,1.0
Healthcare,353,0.8487530396242553,0.7161129399294955,0.9171212450434396,0.8492500000000001,1.0
Healthcare,354,0.8588338328137495,0.7507454858016523,0.9171212450434396,0.8492500000000001,1.0
Healthcare,355,0.8564538138961248,0.7424580862015345,0.9171212450434396,0.8492500000000001,1.0
Healthcare,356,0.8601983563915829,0.7555280355931044,0.9171212450434396,0.8492500000000001,1.0
Healthcare,357,0.859708495164405,0.753808488650364,0.9171212450434396,0.8492500000000001,1.0
Healthcare,358,0.8569916240703945,0.7443247497661053,0.9171212450434396,0.8492500000000001,1.0
Healthcare,359,0.8544810221231575,0.7356408492758622,0.9171212450434396,0.8492500000000001,1.0
Healthcare,360,0.858876058656729,0.7508931427652996,0.9171212450434396,0.8492500000000001,1.0
Healthcare,361,0.8583729362420618,0.7491352204825809,0.9171212450434396,0.8492500000000001,1.0
Healthcare,362,0.8565405984530643,0.7427590653754889,0.9171212450434396,0.8492500000000001,1.0
Healthcare,363,0.8622281735506724,0.7626846199747188,0.9171212450434396,0.8492500000000001,1.0
Healthcare,364,0.8569245602469431,0.7440917887751018,0.9171212450434396,0.8492500000000001,1.0
Healthcare,365,0.861540194367326,0.7602533216949507,0.9171212450434396,0.8492500000000001,1.0
Healthcare,366,0.8586377855498397,0.7500602253734248,0.9171212450434396,0.8492500000000001,1.0
Healthcare,367,0.8554395013809389,0.7389471076208706,0.9171212450434396,0.8492500000000001,1.0
Healthcare,368,0.8591835643453407,0.7519690975409844,0.9171212450434396,0.8492500000000001,1.0
Healthcare,369,0.8551792028593588,0.7380481121249893,0.9171212450434396,0.8492500000000001,1.0
Healthcare,370,0.8482435651692694,0.7143950650541161,0.9171212450434396,0.8492500000000001,1.0
Healthcare,371,0.8554833901998588,0.7390987677287207,0.9171212450434396,0.8492500000000001,1.0
Healthcare,372,0.8526435283834357,0.7293334815622532,0.9171212450434396,0.8492500000000001,1.0
Healthcare,373,0.8596748360582199,0.7536904438476156,0.9171212450434396,0.8492500000000001,1.0
Healthcare,374,0.8516052539131794,0.7257874918692081,0.9171212450434396,0.8492500000000001,1.0
Healthcare,375,0.8539268697424081,0.7337343786810924,0.9171212450434396,0.8492500000000001,1.0
Healthcare,376,0.8641492034581421,0.7695043632761039,0.9171212450434396,0.8492500000000001,1.0
Healthcare,377,0.8539126622747465,0.7336855489853974,0.9171212450434396,0.8492500000000001,1.0
Healthcare,378,0.8527276674399428,0.7296214073502482,0.9171212450434396,0.8492500000000001,1.0
Healthcare,379,0.8545764981741222,0.7359696938217053,0.9171212450434396,0.8492500000000001,1.0
Healthcare,380,0.8499443987928899,0.7201421246277487,0.9171212450434396,0.8492500000000001,1.0
Healthcare,381,0.8521143972764534,0.72752473530431,0.9171212450434396,0.8492500000000001,1.0
Healthcare,382,0.8555148890497242,0.7392076280395724,0.9171212450434396,0.8492500000000001,1.0
Healthcare,383,0.8549513011856611,0.7372616796507033,0.9171212450434396,0.8492500000000001,1.0
Healthcare,384,0.8566478145403204,0.7431310298781142,0.9171212450434396,0.8492500000000001,1.0
Healthcare,385,0.856973305310807,0.744261110082448,0.9171212450434396,0.8492500000000001,1.0
Healthcare,386,0.8530463710153063,0.7307127914108427,0.9171212450434396,0.8492500000000001,1.0
Healthcare,387,0.8579666712849342,0.747717974557402,0.9171212450434396,0.8492500000000001,1.0
Healthcare,388,0.8568506356029055,0.7438350585766781,0.9171212450434396,0.8492500000000001,1.0
Healthcare,389,0.8564052992984188,0.742289871667071,0.9171212450434396,0.8492500000000001,1.0
Healthcare,390,0.85481347006835,0.736786363547392,0.9171212450434396,0.8492500000000001,1.0
Healthcare,391,0.8560518983680582,0.7410653878834985,0.9171212450434396,0.8492500000000001,1.0
Healthcare,392,0.8560244102026315,0.7409702088558001,0.9171212450434396,0.8492500000000001,1.0
Healthcare,393,0.8534487770524017,0.7320925586864365,0.9171212450434396,0.8492500000000001,1.0
Healthcare,394,0.8570717164022938,0.7446030398259426,0.9171212450434396,0.8492500000000001,1.0
Healthcare,395,0.8611769244176978,0.7589718838194903,0.9171212450434396,0.8492500000000001,1.0
Healthcare,396,0.8552664305505877,0.7383492798011643,0.9171212450434396,0.8492500000000001,1.0
Healthcare,397,0.856982773687159,0.7442940028740445,0.9171212450434396,0.8492500000000001,1.0
Healthcare,398,0.8606697326272023,0.7571854710127236,0.9171212450434396,0.8492500000000001,1.0
Healthcare,399,0.8555607446510313,0.7393661269090114,0.9171212450434396,0.8492500000000001,1.0
